title,company,location,country,description,job_url,date_posted,salary_min,salary_max,salary_text,source,dedup_key
EMPI Data Integrity Analyst - Night Shift,RWJBarnabas Health Corporate Services,"Oceanport, Monmouth County",us,"Job Title: EMPI Data Integrity Analyst Location: System Business Office Department Name: Medical Records Req : 0000243720 Status: Salaried Shift: Night Pay Range: $68,724.00 - $97,073.00 per year Pay Transparency: The above reflects the anticipated annual salary range for this position if hired to work in New Jersey. The compensation offered to the candidate selected for the position will depend on several factors, including the candidate's educational background, skills and professional experi…",https://www.adzuna.com/land/ad/5750661956?se=AmDtR1Vh8RGTyc16BXlIog&utm_medium=api&utm_source=a2c527c1&v=7989573E07F0FA50EA0478A98D057431C262A828,2026-06-03T09:34:39Z,84982.83,84982.83,,Adzuna Live API,20eb88143eff0d6634dce3450dacd78d
Registered Nurse (RN) Clinical Data Analyst Cardiac Cath Full Time Days,Manatee Memorial Hospital,"Samoset, Manatee County",us,"Responsibilities About Manatee Memorial Hospital (MMH): Manatee Memorial Hospital in Bradenton, Florida, has served the citizens of Manatee, Sarasota and surrounding counties for over 70 years. Part of the Manatee Healthcare System, the hospital has earned The Joint Commission’s Gold Seal of Approval. The 295-bed hospital with over 800 physicians, residents and allied health professionals, offers advanced healthcare services in a caring and compassionate environment. Services include cardiac ca…",https://www.adzuna.com/land/ad/5743541667?se=AmDtR1Vh8RGTyc16BXlIog&utm_medium=api&utm_source=a2c527c1&v=00F4242730C4048FF70E3DFD4283BE98883E9947,2026-05-28T09:21:50Z,114207.58,114207.58,,Adzuna Live API,d5a5ab07455922d79b13d8123aa7b8d1
Data Analyst,Uline,"Pleasant Prairie, Kenosha County",us,"Data Analyst Corporate Headquarters 12575 Uline Dr. Pleasant Prairie, WI 53158 Ready to make a real impact? Join Uline as a Data Analyst to be a driver of operational excellence. From searching for improvements regarding manual processes to thinking critically about various issues, your skills will help shape our growing company's future! Careers Packed with Potential. Backed by 45 years of success, Uline offers opportunities to grow your career with stability you can count on. Position Respons…",https://www.adzuna.com/details/5753065127?utm_medium=api&utm_source=a2c527c1,2026-06-05T06:10:22Z,87959.53,87959.53,,Adzuna Live API,cfdeca839b0e112ef915377c68be1431
Data Analyst,"NOVATANG PIONEER TECH, LLC",US,us,"We are seeking a highly motivated and detail-oriented Data Analyst to join our team. The ideal candidate will leverage their expertise in data visualization and analysis to transform complex datasets into actionable insights. This role requires proficiency in Power BI, strong analytical skills, and the ability to collaborate with cross-functional teams to support business decision-making.",https://www.adzuna.com/details/5753065556?utm_medium=api&utm_source=a2c527c1,2026-06-05T06:10:26Z,61270.58,61270.58,,Adzuna Live API,f887d88e00d23d8a90da87e8c02f0de4
Data Analyst,"AMERICAN INDUSTRIAL SYSTEMS, INC.","Huntington, Orange County",us,"AMERICAN INDUSTRIAL SYSTEMS, INC. seeks one full-time Data Analyst to work at its office in Irvine, CA. Candidate must have at least a Master’s degree in Statistics, Data Science, or Industrial Engineering, along with 3 months of prior Business Analyst or Data Scientist experience. Domestic travel required to Georgia and Tennessee, 1–2 times per year, to visit the office and warehouse for a global project, with each trip lasting 5–7 days. International travel required to Taiwan, 1–2 times per y…",https://www.adzuna.com/details/5753062376?utm_medium=api&utm_source=a2c527c1,2026-06-05T06:09:53Z,85983.67,85983.67,,Adzuna Live API,de5c6de5cd251e1fd202d223372c725d
Data Analyst,TPI Global Solutions,"Plano, Collin County",us,"Position : Business Data Analyst Location: Plano, TX Hybrid: 2 days a week for now but eventually it can be 4 days a week(M/T). Duration: 12 Months (Contract) Who We Are Our Analytics team focuses on generating actionable insights by leveraging data and applying effective data storytelling. We empower the organization to make informed, data-driven decisions that positively impact customers, employees, and overall business performance. What We’re Looking For We are seeking a detail-oriented and …",https://www.adzuna.com/details/5753058317?utm_medium=api&utm_source=a2c527c1,2026-06-05T06:09:01Z,51233.24,51233.24,,Adzuna Live API,e01ed7175d5b5887db0d4cdffee21240
Data Analyst,Jobot,"Mansfield, Tarrant County",us,"This Jobot Job is hosted by: Christian Aviles Are you a fit? Easy Apply now by clicking the ""Quick Apply"" buttonand sending us your resume. Salary: $50,000 - $70,000 per year A bit about us: My client provides water management solutions specializing in precise digital measurement, data delivery, and water preservation software. Why join us? Benefit Overview: Company-paid premiums for Medical Insurance, Life/AD&D Insurance and Short and Long-Term Disability Insurances Flexible Spending Account (…",https://www.adzuna.com/land/ad/5734689358?se=AmDtR1Vh8RGTyc16BXlIog&utm_medium=api&utm_source=a2c527c1&v=285981B554FA0303324C81D4CB4D40B6CED875C4,2026-05-19T21:58:09Z,74730.13,74730.13,,Adzuna Live API,a15af3ae6559da4cb7c9c0eb62a110f3
Data Analyst,Vaco LLC,"Cranberry Township, Butler County",us,"NOT OPEN TO C2C, VISA SPONSORSHIP, or THIRD PARTIES MUST BE LOCATED IN PITTSBURGH, PA Job Title: Data Analyst (Hybrid – Pittsburgh, PA) We are seeking a detail-oriented Data Analyst to join our team on a direct hire basis in a hybrid role just north of downtown Pittsburgh, PA. In this position, you will play a key role in collecting, analyzing, and interpreting data to support business decisions, improve reporting accuracy, and uncover trends that drive operational performance. Key Responsibili…",https://www.adzuna.com/details/5753032748?utm_medium=api&utm_source=a2c527c1,2026-06-05T06:00:44Z,83792.25,83792.25,,Adzuna Live API,eb01b7e39707c89c2b7ca9e57d426367
Data Analyst,Butler Aerospace and Defense,"Grand Prairie, Dallas",us,"Data Analyst Location: Grand Prairie, TX Job ID: 72460 Pay Range: $52-61 an hour 12 Month contract Job Description We are seeking a skilled Data & AI Specialist to design, develop, and deploy data-driven solutions that leverage artificial intelligence and machine learning. This role bridges data engineering, analytics, and AI model development to deliver actionable insights and scalable intelligent systems that support business objectives. Design, build, and maintain data pipelines and infrastr…",https://www.adzuna.com/details/5753045603?utm_medium=api&utm_source=a2c527c1,2026-06-05T06:05:53Z,67110.3,67110.3,,Adzuna Live API,afc3b6aaa78c4d2b9316fe713407d25d
Data Analyst,Vaco LLC,"Huntington, Fairfield County",us,"Title: Data Analyst Compensation: $80-100k This is a direct-hire, hybrid position which requires three days in-office and two days remote - based in either New Jersey or Connecticut Overview Data Analyst supporting a customer-facing operations environment. This role focuses on turning interaction and performance data into clear insights that improve service quality and operational efficiency. Responsibilities Build and maintain dashboards to track performance and trends Analyze large datasets, …",https://www.adzuna.com/details/5753034562?utm_medium=api&utm_source=a2c527c1,2026-06-05T06:01:08Z,114308.27,114308.27,,Adzuna Live API,c86201802361bfa492efe01b41d90752
Data Analyst,Vanderbilt University,"Nashville, Davidson County",us,"Data Analyst with Vanderbilt University (Nashville, TN) Build data analytics and strategic insights capabilities in the Office of Deputy Provost and the Office of the Provost. Work cross-functionally to understand organizational data and reporting needs, lead data analysis for key initiatives, and deliver data-driven strategic findings to the Office of Deputy Provost and university leadership. Stay up to date on institutional resources and training related to the University’s overall data strat…",https://www.adzuna.com/details/5753065087?utm_medium=api&utm_source=a2c527c1,2026-06-05T06:10:22Z,85281.27,85281.27,,Adzuna Live API,dd9c25aa23bcb4a852fc8ffbd3db4624
Data Analyst,Vaco LLC,"Newport Beach, Orange County",us,"Job Title: Data Analyst Location: 5 days on-site in St. Louis, MO Duration: Direct-hire Opportunity What You Will Do Monitor various inboxes and address the needs of our internal customer base, primarily sales and sales leaders Query data for various ad-hoc data needs Identify and analyze trends to present to peers and managers Eesign, develop, and deploy various KPIs to track Service Quality, Productivity, Frequency, and Severity, along with developing reports to track new initiatives, annual …",https://www.adzuna.com/details/5753056044?utm_medium=api&utm_source=a2c527c1,2026-06-05T06:08:30Z,116482.23,116482.23,,Adzuna Live API,c4ad8eefad23143c3b7d47c3c0954723
Business Data Analyst (Data Analyst 2) - 28497,HII Mission Technologies Division,"Fairfax, Fairfax County",us,"Requisition Number: 28497 Required Travel: 0 - 10% Employment Type: Full Time/Salaried/Exempt Anticipated Salary Range: $73,025.00 - $110,000.00 Security Clearance: Ability to Obtain Level of Experience: Mid Meet HII’s Mission Technologies Division Our team of more than 7,000 professionals worldwide delivers all-domain expertise and advanced technologies in service of mission partners across the globe. Mission Technologies is leading the next evolution of national defense – the data evolution -…",https://www.adzuna.com/details/5753054421?utm_medium=api&utm_source=a2c527c1,2026-06-05T06:08:09Z,80795.45,80795.45,,Adzuna Live API,042798dbb6c8ed82875118cc19f41a98
Data Analyst,CACI International,"Washington, D.C., US",us,"Job Title: Data Analyst Job Category: Information Technology Time Type: Full time Minimum Clearance Required to Start: DOJ MBI Employee Type: Regular Percentage of Travel Required: None Type of Travel: None * * * The Opportunity: The Data Analyst within the CACI Data Analytics Lab is responsible for providing analytical support for data analytics projects surrounding investigations or litigation. Under the direction of senior team members, the Data Analyst develops, maintains, and enforces stre…",https://www.adzuna.com/land/ad/5744149337?se=AmDtR1Vh8RGTyc16BXlIog&utm_medium=api&utm_source=a2c527c1&v=8F7A415395B96278BB79CA7D50F69191EE345A16,2026-05-28T21:58:33Z,87541.19,87541.19,,Adzuna Live API,73461ec0050f20c5c6a386694eee25c5
Data Analyst,Insight Global,"Stamford, Fairfield County",us,"Job Description 45-50/hr Insight Global is hiring for a Data Analyst to sit onsite in Stamford for their Spectrum Business organization. This team is responsible for the data analytics & reporting for small and medium businesses. This data analyst will be joining a team of 3 responsible for: - gathering business requirements via email, WebEx, and stakeholder meeting - translating requirements into data-driven reporting solutions - Build and maintain reports and dashboards in Tableau - Write and…",https://www.adzuna.com/land/ad/5735744018?se=AmDtR1Vh8RGTyc16BXlIog&utm_medium=api&utm_source=a2c527c1&v=D9C21EFDAF3884220C40EF9DBF235AF6F02B724D,2026-05-20T21:27:43Z,94013.06,94013.06,,Adzuna Live API,9ec010b1142dad47c28a081bb70ee786
Data Analyst,Insight Global,"Winona Lake, Kosciusko County",us,"Job Description Insight Global's MedTech Client is looking for a Data Analyst to reconcile large data sets for medical device inventory. This person will be working between two systems, Move Medical and SAP, to transact data between the systems. The datasets will include SKUs, quantities of inventory, locations, etc. Each day, the Data Analyst will pull an inventory report that comes into a Field Sales Network site. They will pull the log ID of where it came from, review the details, matching t…",https://www.adzuna.com/land/ad/5702063521?se=AmDtR1Vh8RGTyc16BXlIog&utm_medium=api&utm_source=a2c527c1&v=83E04E29F450EA933AF17350665F7AA175D1EAA0,2026-04-16T21:52:23Z,63626.07,63626.07,,Adzuna Live API,6ca5e454936ade815c689b0c58e58b49
Data Analyst,ManpowerGroup,"Grandview Heights, Franklin County",us,"Our client in Columbus, OH is seeking a mid-level "" Procurement Data Analyst"". This is a 4 day onsite position. Procurement Data Analyst responsible for transforming procurement data into actionable insights to improve sourcing strategies, cost efficiency, and supplier performance . The role focuses on data analysis, dashboard creation (Power BI/Tableau/Excel), spend tracking, and KPI reporting to support procurement and leadership teams. Involves supplier performance monitoring, cost modeling,…",https://www.adzuna.com/land/ad/5749948627?se=AmDtR1Vh8RGTyc16BXlIog&utm_medium=api&utm_source=a2c527c1&v=B88B2BED8AA9F751E9B2C992E7C09DF856FC78F7,2026-06-02T21:35:20Z,168677.62,168677.62,,Adzuna Live API,074f119865826152721f41b5485d3c0a
Data Analyst,Insight Global,"Lathrup Village, Oakland County",us,"Job Description Insight Global is looking for 2 Data Analysts to join the Product team of one of our clients. This person will be a part of a huge data quality initiative to help improve the customer facing website. This person will be working heavily in Excel and will be taking part in Data Tracking, sourcing, and cleaning We are a company committed to creating inclusive environments where people can bring their full, authentic selves to work every day. We are an equal opportunity employer tha…",https://www.adzuna.com/land/ad/4373264329?se=AmDtR1Vh8RGTyc16BXlIog&utm_medium=api&utm_source=a2c527c1&v=C8012216A319EA65BBC7733FB96CE9B037B86EA5,2023-10-15T15:06:22Z,61787.71,61787.71,,Adzuna Live API,c244fbd5305cc0af606e39d1db2ef8dc
Data Analyst,Guidehouse,"Redstone Arsenal, Madison County",us,"Job Family : Data Science Consulting Travel Required : Up to 10% Clearance Required : Active Secret What You Will Do : Guidehouse is seeking a Data Analyst who will provide data solutions (analysis, data engineering, data science etc.) to a Department of War client. You will be a part of a multi-disciplinary, high-impact team. The ideal candidate will perform technical tasks that include, but are not limited to, building data pipelines and developing visualizations. These tasks will involve usi…",https://www.adzuna.com/land/ad/5749935587?se=AmDtR1Vh8RGTyc16BXlIog&utm_medium=api&utm_source=a2c527c1&v=DCE108E2A0FB4723977E5C6FE0ACC478D6671898,2026-06-02T21:30:52Z,114337.7,114337.7,,Adzuna Live API,95eedb2fd690bc701832a1028070bfc5
Data Analyst,ManpowerGroup,"Pico Heights, Los Angeles County",us,"Our client, a leading organization in the industry, is seeking a Data Analyst to join their team. As a Data Analyst, you will be part of the Talent & Culture support team, contributing to data-driven decision-making processes. The ideal candidate will demonstrate analytical thinking, effective communication, and a proactive approach, which will align successfully within the organization. Job Title: Data Analyst Location: Remote(PST) Contract on W2 What's the Job?  Manage data analytics projects…",https://www.adzuna.com/land/ad/5728548395?se=AmDtR1Vh8RGTyc16BXlIog&utm_medium=api&utm_source=a2c527c1&v=2E47B78909C4B3EB6E8852AC976D123FF7D9EFEE,2026-05-13T18:19:29Z,185207.56,185207.56,,Adzuna Live API,1071d497184f13bbce51d5993a8f816e
Data Analyst,Robert Half,"Nashville, Davidson County",us,"Description Robert Half is seeking a Contract Data Analyst to join our client's team. As a Data Analyst, you will be responsible for collecting, processing, and analyzing data to provide actionable insights that support business decisions. This contract position offers an exciting opportunity to work with a dynamic team and help drive data-driven strategies for a respected organization. Key Responsibilities:  Data Collection and Analysis: Collect, clean, and analyze data from various sources to…",https://www.adzuna.com/land/ad/5751412535?se=AmDtR1Vh8RGTyc16BXlIog&utm_medium=api&utm_source=a2c527c1&v=44FC4807B278565D3EEB516F0CA9F32EEB02473C,2026-06-03T21:35:35Z,68821.84,68821.84,,Adzuna Live API,1f113e3571d95f735e0fed787cc36d89
Data Analyst,Insight Global,"Sioux Falls, Minnehaha County",us,"Job Description Our client is looking for a Data Analyst to join their team for a 6 month engagement with possible extensions. We are a company committed to creating diverse and inclusive environments where people can bring their full, authentic selves to work every day. We are an equal opportunity/affirmative action employer that believes everyone matters. Qualified candidates will receive consideration for employment regardless of their race, color, ethnicity, religion, sex (including pregnan…",https://www.adzuna.com/land/ad/5706705961?se=AmDtR1Vh8RGTyc16BXlIog&utm_medium=api&utm_source=a2c527c1&v=555D6F38C4517B6BCC89B87358E0EB1C84C958D5,2026-04-21T21:58:54Z,135023.6,135023.6,,Adzuna Live API,ba6b3195979814ef858fb42ffea25925
Data Analyst,Insight Global,"Wellston, Saint Louis County",us,"Job Description Insight Global is looking to add a Data Analyst to one of our leading Beverage companies globally, here in St. Louis MO. This person will support the Dedicated Transportation team by analyzing logistics and operational data to ensure beer loads and drivers are planned efficiently, arrive on time, and remain within budget. The analyst will spend much of their time troubleshooting and enhancing Power Automate workflows, reviewing daily reports, and validating data through API chec…",https://www.adzuna.com/land/ad/5648094897?se=AmDtR1Vh8RGTyc16BXlIog&utm_medium=api&utm_source=a2c527c1&v=5620B86CCB9A4288BF9718DF0D3DE6A8C42C64C6,2026-02-27T20:01:55Z,91775.11,91775.11,,Adzuna Live API,662b15f6b99b30df02974ab248137b04
Data Analyst,Insight Global,"Phoenix, Maricopa County",us,"Job Description This Data Analyst will support internal teams and external customers by helping deliver accurate reporting and data solutions. The role focuses on executing reporting requests, supporting data imports/exports, and assisting with data-related tasks under established processes and team standards. Responsibilities include: - Supporting customer and internal requests for reports, data imports, and data exports - Gathering requirements and documenting details in JIRA tickets - Writin…",https://www.adzuna.com/land/ad/5708902885?se=AmDtR1Vh8RGTyc16BXlIog&utm_medium=api&utm_source=a2c527c1&v=AAF51F19800735B128E89BA3FB5450F5F46027B1,2026-04-23T21:43:32Z,54174.64,54174.64,,Adzuna Live API,12b218d3f7a9c0293af292ecd44868ae
Data Analyst,"TAD PGS, Inc.","Redstone Arsenal, Madison County",us,"We have an outstanding Contract position for aData Analystto join a leading Company located in theHuntsville, ALsurrounding area. US Citizenship is required. Candidate must possess an Active Top Secret/SCI Security Clearance. The Quantitative Data Analyst helps with the interpretation, implementation, analysis and visualization of large amounts of data within OCIO into more readable formats for personnel and our partners within the organization cybersecurity environment. The data analyst utiliz…",https://www.adzuna.com/land/ad/5734645806?se=AmDtR1Vh8RGTyc16BXlIog&utm_medium=api&utm_source=a2c527c1&v=B767488F02511E9310A3B201514A3A255494D4D6,2026-05-19T21:36:59Z,115211.6,115211.6,,Adzuna Live API,965cf6858e4ef5faea9465c8f26079a2
Data Analyst,Robert Half,"Stowe, Lamoille County",us,"Description Healthcare Data Analyst We're seeking a Data Analyst to join a healthcare company and help drive improved patient outcomes through data-driven insights. In this role, you will analyze clinical and operational data to identify trends, support quality improvement initiatives, and enhance overall care delivery. Key Responsibilities:  Develop and maintain reports and interactive dashboards  Analyze patient, quality, and operational data to identify opportunities for improvements Qualifi…",https://www.adzuna.com/land/ad/5722487275?se=AmDtR1Vh8RGTyc16BXlIog&utm_medium=api&utm_source=a2c527c1&v=C74F7E3FAD7F1098AEE3642E85D8A78508582385,2026-05-07T23:23:07Z,70611.85,70611.85,,Adzuna Live API,408cd419cac89bd4c5a094d7208e5ebe
Data Analyst,Insight Global,"Grand Central, Manhattan",us,"Job Description One of our largest and most reputable utilities clients in New York City is currently looking for Data Analysts to join the Distributed Energy Resources team. The mission of the team is to support grid modernization and interconnection initiatives through advanced data analytics, electrical system knowledge, and cross-platform data integration. The team focuses on improving data quality, validating electrical equipment and network models, and developing analytical tools that inf…",https://www.adzuna.com/land/ad/5717520563?se=AmDtR1Vh8RGTyc16BXlIog&utm_medium=api&utm_source=a2c527c1&v=6A6BEECCFA769DFC2578E6361214C57F94A268AD,2026-05-02T22:12:13Z,117026.15,117026.15,,Adzuna Live API,0aa894c2d060094adf3b34aa88644efe
Data Analyst,Insight Global,"International, King County",us,"Job Description An employer in the Greater Seattle area is looking for a Data Analyst. This role is responsible for performing detailed data entry and validation work to support portfolio and mission tracking across Smartsheet and Workboard. The individual will review historical mission and project data-often spanning six to nine months-by navigating Smartsheet cell histories to identify past status updates and manually transferring that information into Workboard, an OKR tracking tool. Because…",https://www.adzuna.com/land/ad/5678849737?se=AmDtR1Vh8RGTyc16BXlIog&utm_medium=api&utm_source=a2c527c1&v=DA73BCC691F7314A9B46D58A34EC99E74903B0D0,2026-03-26T00:29:44Z,77866.46,77866.46,,Adzuna Live API,1921d8bf0dd625c09a157e26e37835da
Data Analyst,Insight Global,"Marietta, Cobb County",us,"Job Description As an Entry-Level Data Analyst, you'll play a key role in supporting our engineering and operations teams by collecting, analyzing, and visualizing data. You'll work closely with internal stakeholders to build reports, monitor performance metrics, and help optimize project outcomes. This is a hands-on, on-site role ideal for someone eager to grow in the utilities and engineering space. Key Responsibilities: Develop and maintain Power BI dashboards and Excel reports to support pr…",https://www.adzuna.com/land/ad/5678714209?se=AmDtR1Vh8RGTyc16BXlIog&utm_medium=api&utm_source=a2c527c1&v=5DDDBBA955E002D4B49D5B7E3ED94AE2860289DF,2026-03-25T21:08:49Z,119347.26,119347.26,,Adzuna Live API,9a85b8fd8c02e2dc49902d2f2e818a91
Data Analyst,"TAD PGS, Inc.","Washington, D.C., US",us,"We have an outstanding Contract position for aData Analystto join a leading Company located in theWashington, DCsurrounding area. Pay Rate: $48.07 - $52.88 US Citizenship is required. Candidate must possess an Active Top Secret/SCI Security Clearance. Th e Quantitative Data Analyst helps with the interpretation, implementation, analysis, and visualization of large amounts of data within OCIO into more readable formats for customer personnel and our partners within the organization's cybersecuri…",https://www.adzuna.com/land/ad/5707819093?se=AmDtR1Vh8RGTyc16BXlIog&utm_medium=api&utm_source=a2c527c1&v=8B991B0852A86C2B3E1BF1DB44EC10D49C00615C,2026-04-22T21:47:39Z,102678.12,102678.12,,Adzuna Live API,75c94682aec61649b8a4cace7f1fc144
Data Analyst,CACI International,"Oxon Hill, Prince George's County",us,"Job Title: Data Analyst Job Category: Information Technology Time Type: Full time Minimum Clearance Required to Start: None Employee Type: Regular Percentage of Travel Required: None Type of Travel: None * * * The Opportunity: CACI is seeking a Data Analyst to support one of their FEMA programs. In this role you will be supporting a team with reporting, analytics and data visualization activities that drive performance and quality of programs and projects across an IT delivery organization. Res…",https://www.adzuna.com/land/ad/5729809983?se=AmDtR1Vh8RGTyc16BXlIog&utm_medium=api&utm_source=a2c527c1&v=0D794FEE0687954B5A8A2E38E643886FF91B468A,2026-05-14T18:17:22Z,108431.51,108431.51,,Adzuna Live API,925d58aebc0106f600dc01d3ed12563d
Data Analyst,Insight Global,"College Park, Fulton County",us,"Job Description Our client is seeking a Data Analyst to support data quality monitoring and daily operations. This role involves: - Investigating and resolving data issues through analysis of large datasets - Conduct data quality checks using dbt tests - Supporting audits, collecting feedback, and improving data quality processes - Collaborating with stakeholders, vendors, and internal teams - Acting as a relationship-focused partner to ensure effective communication and issue resolution This p…",https://www.adzuna.com/land/ad/5729941791?se=AmDtR1Vh8RGTyc16BXlIog&utm_medium=api&utm_source=a2c527c1&v=F87326EFE74937AB32BBFACDA04F926EE36AD597,2026-05-14T21:41:12Z,86154.16,86154.16,,Adzuna Live API,2c6bc2582a3e16d0dbaea879f0977a87
Data Analyst,Insight Global,"Charlotte, Mecklenburg County",us,"Job Description The Data Analyst supports power distribution operations by collecting, analyzing, and interpreting operational, asset, and performance data to improve reliability and efficiency. This role develops dashboards, reports, and insights that support grid performance, outage analysis, regulatory reporting, and asset management decisions. The analyst collaborates with engineering, operations, and leadership teams to translate complex data into actionable recommendations. We are a compa…",https://www.adzuna.com/land/ad/5661198219?se=AmDtR1Vh8RGTyc16BXlIog&utm_medium=api&utm_source=a2c527c1&v=654A0C1E03ECD477F55EB6DEC51960C18A6C88FE,2026-03-10T21:49:01Z,81636.9,81636.9,,Adzuna Live API,643137e7e36a4c80dbb2ae0b121da311
Data Analyst,Eliassen Group,"Castlewood, Centennial",us,"Data Analyst Greenwood Village, CO Type: Contract Category: Data Industry: Communications Reference ID: JN -052026-106945 Date Posted: 05/12/2026 Shortcut: http://careers.eliassen.com/DYSVDt  Description  Recommended Jobs Description: Hybrid 4 days onsite, 1 remote. in Greenwood Village, CO Our client seeks experienced Data Analysts to enable data-driven decision making and in-time health monitoring of WiFi products by building and deploying product and feature specific analytics capabilities. …",https://www.adzuna.com/land/ad/5744105580?se=AmDtR1Vh8RGTyc16BXlIog&utm_medium=api&utm_source=a2c527c1&v=4E5BAAA1BFAF461FA59968568EF707A162AA1BD0,2026-05-28T21:29:26Z,101947.01,101947.01,,Adzuna Live API,7f80eee60f88861a2a0b05e8ddefb5ee
Data Analyst,The Walt Disney Company,"Grand Central, Manhattan",us,"Technology is at the heart of Disney's past, present, and future. Disney Entertainment and ESPN Product & Technology is a global organization of engineers, product developers, designers, technologists, data scientists, and more - all working to build and advance the technological backbone for Disney's media business globally. The team marries technology with creativity to build world-class products, enhance storytelling, and drive velocity, innovation, and scalability for our businesses. We are…",https://www.adzuna.com/land/ad/5738275325?se=AmDtR1Vh8RGTyc16BXlIog&utm_medium=api&utm_source=a2c527c1&v=32046BF7C2004D24FDAE5ECEBC6C0A040A6DCAF3,2026-05-22T21:32:40Z,134172.92,134172.92,,Adzuna Live API,3d49f7845e035f540209168d829ca9c0
Data Analyst,Insight Global,"Newark, Essex County",us,"Job Description Insight Global is hiring a level four data analyst for the people domain activation project for one of their largest clients in the financial industry. The ideal candidate will play a critical role in enabling the people domain to successfully transition into the enterprise Data-as-a-Product operating model. The analyst will partner with Domain Owners, Stewards, Data Engineering, and cross-functional business teams to define domain scope, document data assets, elicit requirement…",https://www.adzuna.com/land/ad/5713226746?se=AmDtR1Vh8RGTyc16BXlIog&utm_medium=api&utm_source=a2c527c1&v=930DDE1CFB954EDBA20D66A766F5E6D950861196,2026-04-28T22:21:59Z,90584.18,90584.18,,Adzuna Live API,a86e96db0a509a2954de2f6fc2eacb6a
Data Analyst,Insight Global,"Stamford, Fairfield County",us,"Job Description Insight Global is seeking a Data Analyst to support an enterprise-level Sales Incentives team at a large telecommunications client. This role focuses on performance analytics, incentive and commission analysis, and hands-on data work that directly supports sales channel decision-making. The ideal candidate has strong technical fundamentals like SQL, Excel, and Python and enjoys balancing analytics with hands-on execution in a fast-paced, evolving environment. This role partners …",https://www.adzuna.com/land/ad/5708874155?se=AmDtR1Vh8RGTyc16BXlIog&utm_medium=api&utm_source=a2c527c1&v=FB050DF43AF2022D94269A770EB569156590E142,2026-04-23T21:25:08Z,70459.95,70459.95,,Adzuna Live API,8809b0d08f657ce280e2cc1315323507
Data Analyst,Insight Global,"Santa Monica, Los Angeles County",us,"Job Description One of Insight Global's customers is looking to onboard a Sr. Data Analyst to their team in Santa Monica to support the organization with actionable insights, production-quality dashboards, and reliable data pipelines. This individual will own the intake of analytics requests, translate business questions into analytical plans, and independently deliver end to end solutions-from data engineering (ETL/Airflow scheduling) and Databricks transforms to SQL analysis and Tableau dashb…",https://www.adzuna.com/land/ad/5734529966?se=AmDtR1Vh8RGTyc16BXlIog&utm_medium=api&utm_source=a2c527c1&v=A29AFE5CC35EEA4A161BD40D2156970005A7AF59,2026-05-19T18:22:55Z,93447.51,93447.51,,Adzuna Live API,45f52c25ddc298cb76e935c08434be33
Data Analyst,Insight Global,"Campbell, Santa Clara County",us,"Job Description As a Data Analyst at this Fortune 500 company, you will support data-driven decision-making for a specific FinTech product. This role focuses on analyzing product performance, responding to ad hoc analytical requests, and partnering closely with business stakeholders to understand trends and identify opportunities. You will leverage dashboards, data exploration, and analytical tools to explain changes in key metrics and provide insights that inform product and business strategy.…",https://www.adzuna.com/land/ad/5661008685?se=AmDtR1Vh8RGTyc16BXlIog&utm_medium=api&utm_source=a2c527c1&v=D1B2FD32183A01FC29FCBD140E4E01E93455F959,2026-03-10T17:37:42Z,75666.5,75666.5,,Adzuna Live API,b4b4c9b5e609fa2649a41106d14ee951
Data Analyst,Insight Global,"Birmingham, Jefferson County",us,"Job Description Overview We are seeking an entry-level Data Analyst to support a large-scale utility data initiative focused on improving substation and vault data accuracy. This role is heavily data entry-driven and will play a key part in validating asset information captured through 3D scanning and imaging efforts. The goal is to ensure field teams have immediate access to accurate, real-time data across thousands of utility assets. Day-to-Day Responsibilities Perform high-volume data entry …",https://www.adzuna.com/land/ad/5744108226?se=AmDtR1Vh8RGTyc16BXlIog&utm_medium=api&utm_source=a2c527c1&v=D3607B3FE5629C0B403384A2D8392E07482A6872,2026-05-28T21:30:02Z,58535.09,58535.09,,Adzuna Live API,99339de78a3b40f2f79853563db6536c
Data Analyst,Cayuse Holdings,"Mongmong, Mongmong-Toto-Maite",us,"Overview The Data Engineer/Analyst collaborates with clients, data scientists, and software engineers to develop and optimize data pipelines, ETL processes, and database structures that support IRS compliance activities. The role involves identifying and integrating data sources, enhancing data quality and accessibility, and creating scalable solutions to extract insights on payment collections and taxpayer behaviors. This position ensures that analytical models and data solutions are validated…",https://www.adzuna.com/land/ad/5728688564?se=AmDtR1Vh8RGTyc16BXlIog&utm_medium=api&utm_source=a2c527c1&v=91366B1A00241B525B3DF9A170EA2FA32096D775,2026-05-13T21:48:47Z,107793.91,107793.91,,Adzuna Live API,812cf35dc4c3a985fd1c85196111e626
Data Analyst,Cayuse Holdings,"Boise, Ada County",us,"Overview The Data Engineer/Analyst collaborates with clients, data scientists, and software engineers to develop and optimize data pipelines, ETL processes, and database structures that support IRS compliance activities. The role involves identifying and integrating data sources, enhancing data quality and accessibility, and creating scalable solutions to extract insights on payment collections and taxpayer behaviors. This position ensures that analytical models and data solutions are validated…",https://www.adzuna.com/land/ad/5728688770?se=AmDtR1Vh8RGTyc16BXlIog&utm_medium=api&utm_source=a2c527c1&v=52B60B0B54BDF8238E4F894DB72A3593ABC21921,2026-05-13T21:48:54Z,94662.62,94662.62,,Adzuna Live API,123559c468f4cb82dd199879a8c37eed
Data Analyst,Cayuse Holdings,"Wyoming, Kent County",us,"Overview The Data Engineer/Analyst collaborates with clients, data scientists, and software engineers to develop and optimize data pipelines, ETL processes, and database structures that support IRS compliance activities. The role involves identifying and integrating data sources, enhancing data quality and accessibility, and creating scalable solutions to extract insights on payment collections and taxpayer behaviors. This position ensures that analytical models and data solutions are validated…",https://www.adzuna.com/land/ad/5728688671?se=AmDtR1Vh8RGTyc16BXlIog&utm_medium=api&utm_source=a2c527c1&v=52775857F0ACA52E42BC142B15BA26A6A75BF922,2026-05-13T21:48:51Z,120935.83,120935.83,,Adzuna Live API,da7667a5dbebbf5389dae01c9364957c
Data Analyst,Cayuse Holdings,"Washington, D.C., US",us,"Overview The Data Engineer/Analyst collaborates with clients, data scientists, and software engineers to develop and optimize data pipelines, ETL processes, and database structures that support IRS compliance activities. The role involves identifying and integrating data sources, enhancing data quality and accessibility, and creating scalable solutions to extract insights on payment collections and taxpayer behaviors. This position ensures that analytical models and data solutions are validated…",https://www.adzuna.com/land/ad/5728689129?se=AmDtR1Vh8RGTyc16BXlIog&utm_medium=api&utm_source=a2c527c1&v=19D1C669127DE746515D2EC5D539BA0B057D30EB,2026-05-13T21:48:59Z,97713.2,97713.2,,Adzuna Live API,c3258f2364d3f15f0919dc17976934f6
Data Analyst,Cayuse Holdings,"Bonnie, Utah County",us,"Overview The Data Engineer/Analyst collaborates with clients, data scientists, and software engineers to develop and optimize data pipelines, ETL processes, and database structures that support IRS compliance activities. The role involves identifying and integrating data sources, enhancing data quality and accessibility, and creating scalable solutions to extract insights on payment collections and taxpayer behaviors. This position ensures that analytical models and data solutions are validated…",https://www.adzuna.com/land/ad/5728845979?se=AmDtR1Vh8RGTyc16BXlIog&utm_medium=api&utm_source=a2c527c1&v=56FF5EACB99B37CF1A970B3789D7C0B67F065331,2026-05-14T00:55:42Z,98693.27,98693.27,,Adzuna Live API,dd3161f7d2bc8faa0d7cca39c021befd
Data Analyst,Cayuse Holdings,"Montpelier, Washington County",us,"Overview The Data Engineer/Analyst collaborates with clients, data scientists, and software engineers to develop and optimize data pipelines, ETL processes, and database structures that support IRS compliance activities. The role involves identifying and integrating data sources, enhancing data quality and accessibility, and creating scalable solutions to extract insights on payment collections and taxpayer behaviors. This position ensures that analytical models and data solutions are validated…",https://www.adzuna.com/land/ad/5728763909?se=AmDtR1Vh8RGTyc16BXlIog&utm_medium=api&utm_source=a2c527c1&v=A2DDAC4E726685E57D8318979E500B073E212D58,2026-05-13T23:52:59Z,93933.84,93933.84,,Adzuna Live API,25f939c495f7aea6cb9ae41c956db824
Data Analyst,Cayuse Holdings,"Tumwater, Thurston County",us,"Overview The Data Engineer/Analyst collaborates with clients, data scientists, and software engineers to develop and optimize data pipelines, ETL processes, and database structures that support IRS compliance activities. The role involves identifying and integrating data sources, enhancing data quality and accessibility, and creating scalable solutions to extract insights on payment collections and taxpayer behaviors. This position ensures that analytical models and data solutions are validated…",https://www.adzuna.com/land/ad/5728847654?se=AmDtR1Vh8RGTyc16BXlIog&utm_medium=api&utm_source=a2c527c1&v=D12884AA19E21FFB4EDF01E66A84278E41EF6451,2026-05-14T00:58:43Z,97388.14,97388.14,,Adzuna Live API,8a450c16fe8f4264eaad879cd82eec96
Data Analyst,Cayuse Holdings,"Madison, Dane County",us,"Overview The Data Engineer/Analyst collaborates with clients, data scientists, and software engineers to develop and optimize data pipelines, ETL processes, and database structures that support IRS compliance activities. The role involves identifying and integrating data sources, enhancing data quality and accessibility, and creating scalable solutions to extract insights on payment collections and taxpayer behaviors. This position ensures that analytical models and data solutions are validated…",https://www.adzuna.com/land/ad/5728850622?se=AmDtR1Vh8RGTyc16BXlIog&utm_medium=api&utm_source=a2c527c1&v=5BB2DC6CEBAC7979674884A8D0D6366FE0079D1C,2026-05-14T01:02:16Z,97835.53,97835.53,,Adzuna Live API,75d740c7a2034c768308eb44f85433ee
Data Analyst,Cayuse Holdings,"Archer, Laramie County",us,"Overview The Data Engineer/Analyst collaborates with clients, data scientists, and software engineers to develop and optimize data pipelines, ETL processes, and database structures that support IRS compliance activities. The role involves identifying and integrating data sources, enhancing data quality and accessibility, and creating scalable solutions to extract insights on payment collections and taxpayer behaviors. This position ensures that analytical models and data solutions are validated…",https://www.adzuna.com/land/ad/5728682633?se=AmDtR1Vh8RGTyc16BXlIog&utm_medium=api&utm_source=a2c527c1&v=D434B6D65958884C0549C15F1E4C13951290417F,2026-05-13T21:46:28Z,110995.05,110995.05,,Adzuna Live API,f4dc1db061967d872788f7facca0a60c
Data Analyst,Cayuse Holdings,"Charleston, Kanawha County",us,"Overview The Data Engineer/Analyst collaborates with clients, data scientists, and software engineers to develop and optimize data pipelines, ETL processes, and database structures that support IRS compliance activities. The role involves identifying and integrating data sources, enhancing data quality and accessibility, and creating scalable solutions to extract insights on payment collections and taxpayer behaviors. This position ensures that analytical models and data solutions are validated…",https://www.adzuna.com/land/ad/5728765283?se=AmDtR1Vh8RGTyc16BXlIog&utm_medium=api&utm_source=a2c527c1&v=7A0BBEF558567F6FC989F1B35238101D15CE2604,2026-05-13T23:53:53Z,98867.17,98867.17,,Adzuna Live API,1573eb51a9920271cdbff3f8b64d5f54
Business Analyst (On Site Position),New River Electrical Corporation,"Roanoke, Roanoke County",us,"Position Title: Business Analyst (On Site Position) Location: Roanoke, VA Pay Range: N/A Application Instructions Please complete the application completely and accurately. Position Description We're looking for a detail-oriented and collaborative Business Analyst to help support complex, department-level and enterprise-wide technology and transformation initiatives. You’ll play a critical part in bridging business needs and technology solutions by translating requirements into clear, actionabl…",https://www.adzuna.com/land/ad/5752661525?se=TIeUSFVh8RGI27gKLue9KA&utm_medium=api&utm_source=a2c527c1&v=738C622ECE667A8DB93B2EEADE4E1E881175A6B6,2026-06-04T21:35:15Z,72114.22,72114.22,,Adzuna Live API,d36f38ee1ce39395dd1b4f0e6814f21a
Business Analyst (On Site Position),New River Electrical Corporation,"Granville, Licking County",us,"Position Title: Business Analyst (On Site Position) Location: Granville, OH Pay Range: N/A Application Instructions Please complete the application completely and accurately. Position Description We're looking for a detail-oriented and collaborative Business Analyst to help support complex, department-level and enterprise-wide technology and transformation initiatives. You’ll play a critical part in bridging business needs and technology solutions by translating requirements into clear, actiona…",https://www.adzuna.com/land/ad/5752662486?se=TIeUSFVh8RGI27gKLue9KA&utm_medium=api&utm_source=a2c527c1&v=F65864942046098DB560A65B978DAE299108CB83,2026-06-04T21:35:28Z,81996.29,81996.29,,Adzuna Live API,fe095ef1b4222fcaf8a1807baa6f7d42
"Principal Business Analyst, Private Markets",Fidelity Investments,"Bedford, Tarrant County",us,"Job Description: The Role As a lead Analyst supporting the onboarding of Alternative Instruments in Fidelity Fund and Investment Operations (FFIO), this individual will serve as a vital conduit between the product delivery teams and stakeholders to ensure we meet the differentiated needs of Alternative fund structures and requirements. They will work with various internal teams to allow for the efficient functioning of this key line of business in our firm and interact daily with Alternative In…",https://www.adzuna.com/land/ad/5749966992?se=TIeUSFVh8RGI27gKLue9KA&utm_medium=api&utm_source=a2c527c1&v=DFA116BD1AF41CBA0695DA44BEC5C7C42509AB2B,2026-06-02T21:51:21Z,230967.17,230967.17,,Adzuna Live API,6125f8ef3fb4e3d15f0012a3a808f59d
"Principal Business Analyst, Private Markets",Fidelity Investments,"Fort Worth, Tarrant County",us,"Job Description: The Role As a lead Analyst supporting the onboarding of Alternative Instruments in Fidelity Fund and Investment Operations (FFIO), this individual will serve as a vital conduit between the product delivery teams and stakeholders to ensure we meet the differentiated needs of Alternative fund structures and requirements. They will work with various internal teams to allow for the efficient functioning of this key line of business in our firm and interact daily with Alternative In…",https://www.adzuna.com/land/ad/5749966441?se=TIeUSFVh8RGI27gKLue9KA&utm_medium=api&utm_source=a2c527c1&v=235CBD51F94ECE0D4A7F99F833A9497BE27832F5,2026-06-02T21:51:02Z,201384.39,201384.39,,Adzuna Live API,749f88771e1a05d9867ec53740d4115c
"Principal Business Analyst, Private Markets",Fidelity Investments,"South Lake, Tarrant County",us,"Job Description: The Role As a lead Analyst supporting the onboarding of Alternative Instruments in Fidelity Fund and Investment Operations (FFIO), this individual will serve as a vital conduit between the product delivery teams and stakeholders to ensure we meet the differentiated needs of Alternative fund structures and requirements. They will work with various internal teams to allow for the efficient functioning of this key line of business in our firm and interact daily with Alternative In…",https://www.adzuna.com/land/ad/5749967409?se=TIeUSFVh8RGI27gKLue9KA&utm_medium=api&utm_source=a2c527c1&v=6E264272C5A6EEEE4C1FA9C7053E171D38D67ED6,2026-06-02T21:51:28Z,191181.1,191181.1,,Adzuna Live API,76698f9a40cca0da1194b4e562378491
"Principal Business Analyst, Private Markets",Fidelity Investments,"Roanoke, Denton County",us,"Job Description: The Role As a lead Analyst supporting the onboarding of Alternative Instruments in Fidelity Fund and Investment Operations (FFIO), this individual will serve as a vital conduit between the product delivery teams and stakeholders to ensure we meet the differentiated needs of Alternative fund structures and requirements. They will work with various internal teams to allow for the efficient functioning of this key line of business in our firm and interact daily with Alternative In…",https://www.adzuna.com/land/ad/5749966338?se=TIeUSFVh8RGI27gKLue9KA&utm_medium=api&utm_source=a2c527c1&v=2F49E4B6D69FB6863DCD6A7509C4AF939D689B8F,2026-06-02T21:50:58Z,163432.31,163432.31,,Adzuna Live API,dc3131e07b444f9d63adbd82bf2b8ddd
"Principal Business Analyst, Private Markets",Fidelity Investments,"Northlake, Denton County",us,"Job Description: The Role As a lead Analyst supporting the onboarding of Alternative Instruments in Fidelity Fund and Investment Operations (FFIO), this individual will serve as a vital conduit between the product delivery teams and stakeholders to ensure we meet the differentiated needs of Alternative fund structures and requirements. They will work with various internal teams to allow for the efficient functioning of this key line of business in our firm and interact daily with Alternative In…",https://www.adzuna.com/land/ad/5749966631?se=TIeUSFVh8RGI27gKLue9KA&utm_medium=api&utm_source=a2c527c1&v=0DC81F5CA94AA429F81D52D3972834E7C8EE578F,2026-06-02T21:51:08Z,194036.27,194036.27,,Adzuna Live API,9c0a07707bfd3bead6131ab386083e78
"Principal Business Analyst, Private Markets",Fidelity Investments,"Keller, Tarrant County",us,"Job Description: The Role As a lead Analyst supporting the onboarding of Alternative Instruments in Fidelity Fund and Investment Operations (FFIO), this individual will serve as a vital conduit between the product delivery teams and stakeholders to ensure we meet the differentiated needs of Alternative fund structures and requirements. They will work with various internal teams to allow for the efficient functioning of this key line of business in our firm and interact daily with Alternative In…",https://www.adzuna.com/land/ad/5749965279?se=TIeUSFVh8RGI27gKLue9KA&utm_medium=api&utm_source=a2c527c1&v=97E2BB6F314C620CE434A796254966812A21BFE1,2026-06-02T21:50:31Z,169988.6,169988.6,,Adzuna Live API,e12f600ac92a88bbc0b4efec5416031a
"Principal Business Analyst, Private Markets",Fidelity Investments,"Highland Village, Houston",us,"Job Description: The Role As a lead Analyst supporting the onboarding of Alternative Instruments in Fidelity Fund and Investment Operations (FFIO), this individual will serve as a vital conduit between the product delivery teams and stakeholders to ensure we meet the differentiated needs of Alternative fund structures and requirements. They will work with various internal teams to allow for the efficient functioning of this key line of business in our firm and interact daily with Alternative In…",https://www.adzuna.com/land/ad/5749966439?se=TIeUSFVh8RGI27gKLue9KA&utm_medium=api&utm_source=a2c527c1&v=BCC4BA129F848A3E23F54B4B4DF03D93AB6AD7CA,2026-06-02T21:51:02Z,163653.31,163653.31,,Adzuna Live API,a9a025868c4bdb60e3e5c854c91bbdc6
"Principal Business Analyst, Private Markets",Fidelity Investments,"Hudson, Hillsborough County",us,"Job Description: The Role As a lead Analyst supporting the onboarding of Alternative Instruments in Fidelity Fund and Investment Operations (FFIO), this individual will serve as a vital conduit between the product delivery teams and stakeholders to ensure we meet the differentiated needs of Alternative fund structures and requirements. They will work with various internal teams to allow for the efficient functioning of this key line of business in our firm and interact daily with Alternative In…",https://www.adzuna.com/land/ad/5748602134?se=TIeUSFVh8RGI27gKLue9KA&utm_medium=api&utm_source=a2c527c1&v=2F4F528ACAC42747C9D2E9853CABB9BA52F17911,2026-06-01T21:48:41Z,196107.55,196107.55,,Adzuna Live API,a057b60c1679dd7f51b06059888fb9a4
"Principal Business Analyst, Private Markets",Fidelity Investments,"Goffstown, Hillsborough County",us,"Job Description: The Role As a lead Analyst supporting the onboarding of Alternative Instruments in Fidelity Fund and Investment Operations (FFIO), this individual will serve as a vital conduit between the product delivery teams and stakeholders to ensure we meet the differentiated needs of Alternative fund structures and requirements. They will work with various internal teams to allow for the efficient functioning of this key line of business in our firm and interact daily with Alternative In…",https://www.adzuna.com/land/ad/5749966694?se=TIeUSFVh8RGI27gKLue9KA&utm_medium=api&utm_source=a2c527c1&v=87726E04BA1C3B1CD8DCE3BB06D93A12B089E788,2026-06-02T21:51:10Z,185168.34,185168.34,,Adzuna Live API,77c4b846200156b0917e546695c78f8e
"Principal Business Analyst, Private Markets",Fidelity Investments,"Pelham, Hillsborough County",us,"Job Description: The Role As a lead Analyst supporting the onboarding of Alternative Instruments in Fidelity Fund and Investment Operations (FFIO), this individual will serve as a vital conduit between the product delivery teams and stakeholders to ensure we meet the differentiated needs of Alternative fund structures and requirements. They will work with various internal teams to allow for the efficient functioning of this key line of business in our firm and interact daily with Alternative In…",https://www.adzuna.com/land/ad/5749966800?se=TIeUSFVh8RGI27gKLue9KA&utm_medium=api&utm_source=a2c527c1&v=6B448F78B52E1D76B7749A12E533567D4AF81290,2026-06-02T21:51:12Z,173798.34,173798.34,,Adzuna Live API,7d89c8f70b1e48753777ee55f14a6f87
"Principal Business Analyst, Private Markets",Fidelity Investments,"East Derry, Rockingham County",us,"Job Description: The Role As a lead Analyst supporting the onboarding of Alternative Instruments in Fidelity Fund and Investment Operations (FFIO), this individual will serve as a vital conduit between the product delivery teams and stakeholders to ensure we meet the differentiated needs of Alternative fund structures and requirements. They will work with various internal teams to allow for the efficient functioning of this key line of business in our firm and interact daily with Alternative In…",https://www.adzuna.com/land/ad/5750648104?se=TIeUSFVh8RGI27gKLue9KA&utm_medium=api&utm_source=a2c527c1&v=3B373244F975A9121E40B1A425EA64A735AF93F2,2026-06-03T09:25:19Z,217713.14,217713.14,,Adzuna Live API,d0dee8175bc46679e82582f5f40e458a
"Principal Business Analyst, Private Markets",Fidelity Investments,"Brookline, Hillsborough County",us,"Job Description: The Role As a lead Analyst supporting the onboarding of Alternative Instruments in Fidelity Fund and Investment Operations (FFIO), this individual will serve as a vital conduit between the product delivery teams and stakeholders to ensure we meet the differentiated needs of Alternative fund structures and requirements. They will work with various internal teams to allow for the efficient functioning of this key line of business in our firm and interact daily with Alternative In…",https://www.adzuna.com/land/ad/5748601452?se=TIeUSFVh8RGI27gKLue9KA&utm_medium=api&utm_source=a2c527c1&v=4335910E2283AD0A2078D9AEDDD5954E9F0CC88E,2026-06-01T21:48:23Z,167482.97,167482.97,,Adzuna Live API,b29cf3dc06d14742ea2597561084f918
"Principal Business Analyst, Private Markets",Fidelity Investments,"Merrimack, Hillsborough County",us,"Job Description: The Role As a lead Analyst supporting the onboarding of Alternative Instruments in Fidelity Fund and Investment Operations (FFIO), this individual will serve as a vital conduit between the product delivery teams and stakeholders to ensure we meet the differentiated needs of Alternative fund structures and requirements. They will work with various internal teams to allow for the efficient functioning of this key line of business in our firm and interact daily with Alternative In…",https://www.adzuna.com/land/ad/5748597373?se=TIeUSFVh8RGI27gKLue9KA&utm_medium=api&utm_source=a2c527c1&v=4743CF367090BBCA783EB126A7F7F7D8B8F9AEA4,2026-06-01T21:46:42Z,233851.16,233851.16,,Adzuna Live API,c919c23679b8e5ec3295c6afa98e5c2b
Senior Business Systems Analyst (Transportation),PetSmart,"Glendale, Maricopa County",us,"About the Team The Supply Chain team focuses on keeping things moving across all aspects of our business. They make an impact by ensuring our products get from the vendors to the DCs to the stores in the most efficient and timely way. Their goal is to improve each step within the process, so we have the right product at the right place at the right time for our pet parents. About the Location Collaborative Work Environment: At PetSmart, teamwork and connection are core to how we thrive. This ro…",https://www.adzuna.com/land/ad/5752099657?se=TIeUSFVh8RGI27gKLue9KA&utm_medium=api&utm_source=a2c527c1&v=2D59AEED2B47A55F6E4020AF981DF896D14D65D8,2026-06-04T09:50:26Z,90128.77,90128.77,,Adzuna Live API,98cd4e48a628fe3e9caafb77c98f80aa
Assistant Business Transformation Analyst,Marshall & Sterling Inc,"Arlington, Dutchess County",us,"Position Title: Assistant Business Transformation Analyst Location: Hybrid • Poughkeepsie Office - Poughkeepsie, NY 12601 Salary Range: $65,000.00 - $70,000.00 Salary Description: Apply Assistant Business Transformation Analyst Please note this is not a fully remote position. Applicants must be able to work regularly in one of our New York offices. Why Join MarshallSterling? As a 100% employee-owned company with roots dating back to 1864, MarshallSterling offers the strength of a time-tested or…",https://www.adzuna.com/land/ad/5751449746?se=TIeUSFVh8RGI27gKLue9KA&utm_medium=api&utm_source=a2c527c1&v=B090D79B31AD77C6AA8E7A0CE3AB49F24AA1A6BE,2026-06-03T21:44:18Z,84712.88,84712.88,,Adzuna Live API,90015ff7661506d8be41085afc38dfad
Business Analyst,STS Technical Services,"Melbourne, Brevard County",us,"STS Technical Services is hiring Business Analysts in Melbourne, Florida. STS Technical Services is seeking a Business Analyst I to support reporting, data analysis, and process automation initiatives in Melbourne, Florida. This role focuses on transforming operational data into actionable insights while improving efficiency through Microsoft 365 tools, dashboards, and automated workflows. Job Responsibilities Analyze and manipulate data using advanced Excel functions including XLOOKUP, PivotTa…",https://www.adzuna.com/land/ad/5733289989?se=TIeUSFVh8RGI27gKLue9KA&utm_medium=api&utm_source=a2c527c1&v=12855C4C81B06F1E2DFF5C4842857E8BE19F2939,2026-05-18T13:48:34Z,64475.0,64475.0,,Adzuna Live API,810876ccc10a6949fccffe6d704b4152
Business Analyst,New River Electrical Corporation,"Granville, Licking County",us,"New River Electrical Corporation is seeking a Business Analyst to support our Information Technology (IT) & Project Management & Coordination teams. In this role, you will analyze business processes, gather and document requirements, and translate operational needs into effective IT solutions that support electrical contracting projects. You will collaborate with project managers, engineers, and field teams to improve systems, reporting, and workflows. This position helps ensure data-driven dec…",https://www.adzuna.com/land/ad/5753326608?se=TIeUSFVh8RGI27gKLue9KA&utm_medium=api&utm_source=a2c527c1&v=495408D8EE308A63C5C1484B140DEA007281D265,2026-06-05T12:21:42Z,100000.0,125000.0,,Adzuna Live API,e4c287a10436e8d6905ed793c7de4d24
Business Analyst,New River Electrical Corporation,"Roanoke, Roanoke County",us,"New River Electrical Corporation is seeking a Business Analyst to support our Information Technology (IT) & Project Management & Coordination teams. In this role, you will analyze business processes, gather and document requirements, and translate operational needs into effective IT solutions that support electrical contracting projects. You will collaborate with project managers, engineers, and field teams to improve systems, reporting, and workflows. This position helps ensure data-driven dec…",https://www.adzuna.com/land/ad/5753326609?se=TIeUSFVh8RGI27gKLue9KA&utm_medium=api&utm_source=a2c527c1&v=C1D59B1EE5CD2855C43CE8C9111B5219D27D1AFB,2026-06-05T12:21:42Z,100000.0,125000.0,,Adzuna Live API,64d0cca0a3a3744e7381f92ecf5d8ee8
Business Analyst,Visit Grand Junction,"Grand Junction, Mesa County",us,"Visit Grand Junction is seeking a Business Analyst to perform a variety of data, financial, and business analysis duties, including managing the organization’s annual budget, researching, interpreting, and analyzing local and industry data using Visit Grand Junction’s data platform, and identifying meaningful insights to assess overall fiscal, operational, and service impacts. Candidate must possess solid business, financial, and data acumen combined with strong analytical skills and a strategi…",https://www.adzuna.com/details/5753048390?utm_medium=api&utm_source=a2c527c1,2026-06-05T06:06:32Z,51586.88,51586.88,,Adzuna Live API,50430b4d28b11441174322e1d28913da
BUSINESS ANALYST,Staffing Solutions USA,"New York City, New York",us,"BUSINESS ANALYST One of our NYC-based client companies is seeking a Business Analyst. This position will also use Business Analysis and Quality Assurance methodologies to define business requirements for some complex PMO projects. This Level 1 role requires basic to moderate IT experience, as well as experience managing cross-functional projects and business analysis/quality assurance. This role works closely with other PMs and the BA within the PMO on creative problem-solving around dependenci…",https://www.adzuna.com/details/5753053922?utm_medium=api&utm_source=a2c527c1,2026-06-05T06:08:03Z,81780.52,81780.52,,Adzuna Live API,8b7b4e6f827dacc078f23bc7fce8be3b
Business Analyst,"AAC TECHNOLOGIES IRVINE, INC.","Cupertino, Santa Clara County",us,"AAC TECHNOLOGIES IRVINE, INC. has a job opening for Business Analyst ($130,187/yr. Master’s degree required) and a job opening for Technical Program Manager ($180k/yr. Master’s degree required) in Cupertino, CA. Send resume by mail to 19200 Stevens Creek Blvd, Suite 200, Cupertino, CA 95014, Attn: K. Ju.",https://www.adzuna.com/details/5753057721?utm_medium=api&utm_source=a2c527c1,2026-06-05T06:08:55Z,103749.65,103749.65,,Adzuna Live API,05b35498fbe7257a3d05151cd1cb20a5
Business Analyst,Gus Perdikakis Associates,US,us,"We are seeking a Senior Business Analyst with solid client-facing skills to support our client’s high-impact initiatives in Retail, CPG, and Logistics environments. This role is ideal for a highly experienced professional who can work independently and deliver immediate value. Employment Type: Contract (W2) | Short-Term Hours: Part-Time – 10 hrs/week",https://www.adzuna.com/details/5753058004?utm_medium=api&utm_source=a2c527c1,2026-06-05T06:08:58Z,85738.35,85738.35,,Adzuna Live API,da41191067ac71c49f89a22f68887e1c
Business Analyst,Vidorra LLC,"Foster City, San Mateo County",us,"We are seeking a Business Analyst with requirement gathering, documentation, and stakeholder engagement within the clinical domain. Individual contributor partnering with Business Process Owners and Project Managers to define, document, and deliver complex business and system requirements for the RBQM data pipeline. To be part of one of the most important engagements for our customer, supporting Business Process Owners and Project Managers to define, document, and deliver complex business and s…",https://www.adzuna.com/details/5753057238?utm_medium=api&utm_source=a2c527c1,2026-06-05T06:08:50Z,119761.59,119761.59,,Adzuna Live API,dc671c2e23c301fe3dde3e391d0d7ec2
Business Analyst,eStaffLLC,US,us,"We are looking for a Business Analyst who can work in a hybrid environment in Austin, TX. We only accept candidates who are local to Austin. Our client will only accept LOCAL candidates for this position. Anyone else will be rejected. Duties include: Â· Lead the mapping, analysis, and redesign of processes for internal agency and other agency staff, and the public. Â· Identify, design, and support the implementation of business process improvements, enabling tools, and systems that deliver meas…",https://www.adzuna.com/details/5753031551?utm_medium=api&utm_source=a2c527c1,2026-06-05T06:00:28Z,87787.91,87787.91,,Adzuna Live API,0d4e44b11c1b9357fb8b51d142de7126
Business Analyst,Insight Global,"Salmon Creek, Clark County",us,"Job Description A client is looking for a Business Analyst to join their team! This position is a full time direct hire role that will be in Houston, TX. This is a hybrid position and will be 3 days onsite and 2 days remote. In this role we are looking for a Business Analyst who has experience in the realm of PEO, Retirement, Benefits, HR, ATS, CRM, Payroll, and/or HRIS. In this role you will be gathering requirements from internal stakeholders within the business pertaining to business operati…",https://www.adzuna.com/land/ad/5751630254?se=TIeUSFVh8RGI27gKLue9KA&utm_medium=api&utm_source=a2c527c1&v=97280B42812E053D0E664F96A5A6C44CEB3B0077,2026-06-04T01:18:02Z,74666.88,74666.88,,Adzuna Live API,47d1319e5606542864001d834f21206e
Business Analyst,Insight Global,"Butler, Waukesha County",us,"Job Description The Business Analyst is a key member of the solution delivery team, partnering closely with business stakeholders, product owners, and technology teams to deliver high-quality solutions aligned to business strategy. This role is responsible for understanding business needs from an end-user perspective, translating those needs into clear, actionable requirements, and ensuring solutions are effectively designed, tested, and delivered in an agile environment. Insight Global is look…",https://www.adzuna.com/land/ad/5680978238?se=TIeUSFVh8RGI27gKLue9KA&utm_medium=api&utm_source=a2c527c1&v=485719F3EFD507F6F2C7F33FACF06AF0410852F8,2026-03-28T00:32:38Z,87191.41,87191.41,,Adzuna Live API,c7c5e0622c2a0fd0ac64da75901652e1
Business Analyst,ManpowerGroup,"Charlotte, Mecklenburg County",us,"Our client, a leading financial services organization, is seeking a Business Analyst to join their team. As a Business Analyst, you will be part of the Operations Support Department supporting various business initiatives. The ideal candidate will have strong analytical skills, excellent communication abilities, and a collaborative mindset, which will align successfully in the organization. Job Title: Business Analyst Location: Charlotte, North Carolina What's the Job?  Act as the primary inter…",https://www.adzuna.com/land/ad/5753877936?se=TIeUSFVh8RGI27gKLue9KA&utm_medium=api&utm_source=a2c527c1&v=38149C0E3ED9E900167DA54609C20791B9BC8A7E,2026-06-05T22:22:06Z,145637.92,145637.92,,Adzuna Live API,4f60a5fd4f34a4cc088ad7cd5ce9c4b8
Business Analyst,Insight Global,"South Camden, Camden County",us,"Job Description We are seeking a Business Analyst to support the Connected Customer Experience Advanced Product Planning team, a small, highly collaborative group of three. This role will focus on gathering and documenting business requirements, managing vendor interactions, completing intake documentation, and partnering cross functionally to ensure product initiatives progress smoothly. The Business Analyst will lead the early phases of the product lifecycle, working closely with Japanese cou…",https://www.adzuna.com/land/ad/5714141109?se=TIeUSFVh8RGI27gKLue9KA&utm_medium=api&utm_source=a2c527c1&v=25A75DB4E9BF68EE3D472D4EBE9294F717D92399,2026-04-29T22:41:34Z,87662.91,87662.91,,Adzuna Live API,1e255520cfb9546fc5f933a30a3e5a7b
Business Analyst,Insight Global,"Stamford, Fairfield County",us,"Job Description Insight Global is seeking a Business Analyst to support a high-impact Billing Strategy & Design team for a leading enterprise client. This role will focus on documenting and analyzing business and system requirements, leading discovery sessions, and serving as a key liaison between business stakeholders and technical teams. The Business Analyst will support projects from early concept through implementation, contributing to critical initiatives that directly impact enterprise bi…",https://www.adzuna.com/land/ad/5703149596?se=TIeUSFVh8RGI27gKLue9KA&utm_medium=api&utm_source=a2c527c1&v=B7E076C87413E3357126CFC9A766CDE8D83FA448,2026-04-17T21:47:31Z,126267.34,126267.34,,Adzuna Live API,01da7f4250f7a7100798991e71aecc91
Business Analyst,ManpowerGroup,"North Bethesda, Montgomery County",us,"Our client, a leader in financial regulatory technology, is seeking a Business Analyst to join their Surveillance Systems Support team. The Business Analyst will support regulatory compliance and data analysis initiatives by owning the understanding, validation, and enhancement of surveillance patterns across asset classes and regulatory domains - ensuring outputs are accurate, complete, and defensible. Serving as a critical link between regulatory requirements and technical surveillance logic,…",https://www.adzuna.com/land/ad/5720957075?se=TIeUSFVh8RGI27gKLue9KA&utm_medium=api&utm_source=a2c527c1&v=D92F97088A1FF178C389A6782B4223AD75E82DFE,2026-05-06T18:45:10Z,173937.3,173937.3,,Adzuna Live API,bc96cea222195a5c2a139d05fd17de55
Business Analyst,CAI,"Trenton, Mercer County",us,"Business Analyst Req number: R7593 Employment type: Full time Worksite flexibility: Hybrid Who we are CAI is a global services firm with over 9,000 associates worldwide and a yearly revenue of $1.3 billion. We have over 40 years of excellence in uniting talent and technology to power the possible for our clients, colleagues, and communities. As a privately held company, we have the freedom and focus to do what is right-whatever it takes. Our tailor-made solutions create lasting results across t…",https://www.adzuna.com/land/ad/5739376710?se=TIeUSFVh8RGI27gKLue9KA&utm_medium=api&utm_source=a2c527c1&v=AAE68F46DC36A80B2AAE8539497A5C8A213E9593,2026-05-23T22:56:21Z,96482.1,96482.1,,Adzuna Live API,23443115b742efbeb2d0ef3ce176186b
Business Analyst,ManpowerGroup,"Boise, Ada County",us,"Our client, a leading organization in the industry, is seeking a Business Analyst to join their team. As a Business Analyst, you will be part of the Business Analysis department supporting cross-functional teams. The ideal candidate will have excellent communication skills, strong analytical thinking, and the ability to influence stakeholders, which will align successfully in the organization. Job Title: Business Analyst Location: Boise, ID What's the Job?  Consult with stakeholders to define b…",https://www.adzuna.com/land/ad/5751464858?se=TIeUSFVh8RGI27gKLue9KA&utm_medium=api&utm_source=a2c527c1&v=0F1AE705F3A5886E2262FE25F7AA9FFF9C070663,2026-06-03T21:59:34Z,198321.02,198321.02,,Adzuna Live API,bf7e1b211de854ac48f2a36b363d1a78
Business Analyst,System One,"Summit, Union County",us,"Job Title: Business Analyst Location: Summit, NJ Work Model: Onsite Job Summary: System One is seeking a Business Analyst with hands-on experience in the life insurance industry for a long-term opportunity in Summit, NJ. This is a great opportunity for anyone eager to learn and grow in a collaborative environment. This position will focus on gathering, analyzing, and translating business and data requirements to support system enhancements, integrations, and operational processes specific to li…",https://www.adzuna.com/land/ad/5716521351?se=TIeUSFVh8RGI27gKLue9KA&utm_medium=api&utm_source=a2c527c1&v=AC9D90E70D4BF8E4809645A7CA8ECDD95DCB7764,2026-05-01T22:37:20Z,97476.6,97476.6,,Adzuna Live API,0afb1052358208b04ba85425587988d4
Business Analyst,Amazon,US,us,"Description Within the Selection Monitoring team, a Business analyst is expected to own analytics on large volumes of data, synthesize the analysis into business insights, communicate the findings to stakeholders and and deliver business value. Business analyst will be expected to be skilled in understanding customer needs, converting them to analysis requirements, having working knowledge of data availability in various sources, building customer confidence through effective communication and …",https://www.adzuna.com/land/ad/5658191566?se=TIeUSFVh8RGI27gKLue9KA&utm_medium=api&utm_source=a2c527c1&v=F4A8F629251E24E1111CD7B85D7309810FA2E012,2026-03-07T20:08:03Z,93772.73,93772.73,,Adzuna Live API,02517e930a914c28a33f38a1861b9670
Business Analyst,Insight Global,"Butler, Waukesha County",us,"Job Description Job Responsibilities: The Business Analyst helps connect the business team and the technology team. Their job is to understand what the business needs, turn that into clear instructions for developers, and make sure the final solution works the way it should. They work on both projects and day-to-day support, focusing on improving processes, making systems work better, and ensuring everything follows insurance rules and regulations. - Act as the main point of contact between bus…",https://www.adzuna.com/land/ad/5750161293?se=TIeUSFVh8RGI27gKLue9KA&utm_medium=api&utm_source=a2c527c1&v=3C77A0924C1C01013456B6EF21CE84333069C9F4,2026-06-03T01:09:21Z,90967.69,90967.69,,Adzuna Live API,515f7d4cbd4246db314661c6bbb9c1f2
Business Analyst,ManpowerGroup,"Five Points, Wake County",us,Job Title: Business Analyst Location: Remote EST (North Carolina preferred) Pay Range: $50hr Business Analyst (BA) - Modernization / Java-Oriented Team Role Focus:  Work with a Java-based technology stack .  Support modernization efforts tied to components that connect to the main billing system .  Role is tech-agnostic at its core but sits within a team that primarily works in Java .  Heavy emphasis on business requirements gathering and documentation. Preferred Background:  Candidates from he…,https://www.adzuna.com/land/ad/5645658584?se=TIeUSFVh8RGI27gKLue9KA&utm_medium=api&utm_source=a2c527c1&v=7D6D83A0C9B4CC2E3C18FBBD3F1CA4A488147268,2026-02-25T20:03:44Z,204549.48,204549.48,,Adzuna Live API,a343b63a768a90ef0c17c0ba8b988de1
Business Analyst,Insight Global,"New Brunswick, Middlesex County",us,"Job Description We are seeking a Business Analyst to support a SAP Global Trade Services (GTS) implementation as part of the GTS/Transcend program. This role will drive function-specific deployment activities across design, testing, training, cutover, and hypercare, while ensuring seamless integration across Innovative Medicine and Johnson & Johnson business functions and maintaining ERP template integrity and reliability. The Business Analyst will bridge the gap between the program team and en…",https://www.adzuna.com/land/ad/5664646042?se=TIeUSFVh8RGI27gKLue9KA&utm_medium=api&utm_source=a2c527c1&v=C09641EBD0F476B9B1D036BEE916D0982763E7B6,2026-03-13T22:18:30Z,121432.31,121432.31,,Adzuna Live API,767b114b3bc9ac5ebd0328a112dcea13
Business Analyst,Kelly Services,"Holy, Santa Clara County",us,"Business Analyst Kelly Services is currently seeking a Business Analyst position for one of our top clients in Santa Clara, CA.  Kelly Outsourcing Consulting Group KellyOCG, a managed solution provider and business unit of Kelly Services, Inc., is currently seeking a Business Analyst for a 12-month engagement at one of our Global clients in Santa Clara. This role is a full-time, fully benefited position.  As a KellyOCG employee you will be eligible for Medical, Dental, 401K and a variety of oth…",https://www.adzuna.com/land/ad/5745012814?se=TIeUSFVh8RGI27gKLue9KA&utm_medium=api&utm_source=a2c527c1&v=5560C2F2BB56C92E83D27D92FECB0171A539A2FE,2026-05-29T18:34:48Z,80461.66,80461.66,,Adzuna Live API,761e78b259537369ef37272a941e9995
Business Analyst,"Levi, Ray & Shoup, Inc.","Fort Atkinson, Jefferson County",us,Primary Navigation  Who We Are  History (https://www.lrs.com/who-we-are/history/)  Company Overview  Leadership (https://www.lrs.com/who-we-are/leadership/)  A Message from Our CEO  What We Believe (https://www.lrs.com/what-we-believe/)  Our Mission  LRS Philosophy & Values (https://www.lrs.com/what-we-believe/lrs-philosophy-values/)  Community Involvement  Wilkerson (https://www.lrs.com/what-we-believe/wilkerson/)  Divisions  Careers  Get Hired  Our Culture (https://www.lrs.com/careers/our-cul…,https://www.adzuna.com/land/ad/5702225881?se=TIeUSFVh8RGI27gKLue9KA&utm_medium=api&utm_source=a2c527c1&v=F36D817CD028E36CC833E02153110877383B729A,2026-04-17T00:44:20Z,101095.98,101095.98,,Adzuna Live API,cffa88f171cc76c8ec69c73c08e4d22f
Business Analyst,Insight Global,"South Norwalk, Fairfield County",us,"Job Description The Business Analyst plays a crucial role in supporting strategic initiatives by analyzing business needs and translating them into actionable requirements. This position is essential for ensuring that business processes align with organizational goals and optimize efficiency by gathering, documenting, and analyzing stakeholder input and requirements to support key decision-making processes. In this role, the Business Analyst collaborates closely with stakeholders and project te…",https://www.adzuna.com/land/ad/5665962639?se=TIeUSFVh8RGI27gKLue9KA&utm_medium=api&utm_source=a2c527c1&v=490984ABD7B0744DA8AFAED2E2C6B6ADD1CB8ED3,2026-03-14T21:06:01Z,67766.62,67766.62,,Adzuna Live API,e9576ecea47f3b19a3fcf209d19d1ee8
Business Analyst,Insight Global,"Torrance, Los Angeles County",us,"Job Description We are looking to hire a full-time, contingent Business Analyst to join our Business Operations Services (BOS) team. This position will work alongside other business analysts, to support American Honda Finance Corporation (AHFC) initiatives by providing detailed requirements analysis, documenting processes, and performing user acceptance testing. To succeed in this role, you should have a natural analytical and logical way of thinking, be able to explain difficult concepts to no…",https://www.adzuna.com/land/ad/5753703899?se=TIeUSFVh8RGI27gKLue9KA&utm_medium=api&utm_source=a2c527c1&v=953885FFBD4E3B9C10CF3866E6882DCA96D88AD5,2026-06-05T18:29:33Z,91746.75,91746.75,,Adzuna Live API,368215738f7446473dddb73b1c6c0fa8
Business Analyst,Rogers Corporation,"Chandler, Maricopa County",us,"Summary: The Business Analyst plays a critical role in supporting, enhancing, and optimizing the technology landscape that underpins our core financial processes. This role partners closely with FP&A, Accounting, and IT teams to deliver scalable and standardized solutions across reporting, planning and consolidation platforms. As an early-stage member of the FP&A Center of Excellence, the Business Analyst helps with data consistency, analytical rigor, and decision support to deliver timely, act…",https://www.adzuna.com/land/ad/5724778167?se=TIeUSFVh8RGI27gKLue9KA&utm_medium=api&utm_source=a2c527c1&v=91B4351B102EAF3BCC40C2DEFEC1B60346596A72,2026-05-09T21:45:14Z,118627.59,118627.59,,Adzuna Live API,170950dc00e41fe52d7ad994a4f081e4
Business Analyst,Insight Global,"Beachwood, Cuyahoga County",us,"Job Description Eaton is seeking a Senior Business Analyst to support the Treasury and Audit Applications team as part of the Mobility Spin-Off. This role will work closely with two Scrum Masters / Project Managers and act as the primary bridge between business stakeholders and IT delivery teams. The BA will be heavily involved in requirements gathering, UAT, implementation support, and SDLC documentation, with primary focus on Treasury systems, and secondary support for Audit and CoStar applic…",https://www.adzuna.com/land/ad/5692628304?se=TIeUSFVh8RGI27gKLue9KA&utm_medium=api&utm_source=a2c527c1&v=0647198AEBCB47C56F7975F24264F812762B8806,2026-04-07T21:56:23Z,103751.43,103751.43,,Adzuna Live API,b29c5e3dd3a5bf2b3ff9d195edfa34f5
Business Analyst,Insight Global,"Auburn Hills, Oakland County",us,"Job Description We're looking for a Business Analyst with a strong project manager mindset to help bridge the gap between business and IT. This role sits at the center of project intake, prioritization, and execution, helping bring structure, visibility, and clarity to enterprise initiatives. The ideal candidate is someone who can work comfortably with business leaders, understand how work actually gets done, and translate unclear requests into realistic project plans and technical solutions. T…",https://www.adzuna.com/land/ad/5672621094?se=TIeUSFVh8RGI27gKLue9KA&utm_medium=api&utm_source=a2c527c1&v=4DF1C6704C5A18E9FF2E1591F4F6FBE85A728EB0,2026-03-19T21:08:34Z,95510.41,95510.41,,Adzuna Live API,0ad8983cdf34f9d3122fe433fb154eaa
Business Analyst,Insight Global,"Lansing, Ingham County",us,"Job Description The Business Analyst will be joining our client's team in Lansing, Michigan. The BA will gather requirements from users, design technical and business requirement documentation, and create user stories and acceptance criteria. $40/hr - $45/hr Exact compensation may vary based on several factors, including skills, experience, and education. Benefit packages for this role will start on the 31st day of employment and include medical, dental, and vision insurance, as well as HSA, FS…",https://www.adzuna.com/land/ad/5707839121?se=TIeUSFVh8RGI27gKLue9KA&utm_medium=api&utm_source=a2c527c1&v=C77F683FADEBA615CA6DA01EA1DF3DDD9B445501,2026-04-22T22:05:49Z,111138.05,111138.05,,Adzuna Live API,702fe638a8334c8b469b0b4e0e650e7e
Business Analyst,Cognizant,"Talcott Village, Hartford County",us,"Job Title: Business Analyst Job Location: Hybrid- Hartford, Connecticut, USA  Please note, this role is not able to offer visa transfer or sponsorship now or in the future We are seeking an experienced Business Analyst to join our team in Hartford, CT. The ideal candidate will collaborate closely with business stakeholders, product owners, and delivery teams to gather, analyze, and drive requirements through the full delivery lifecycle. This role requires strong communication, documentation exp…",https://www.adzuna.com/land/ad/5751375688?se=TIeUSFVh8RGI27gKLue9KA&utm_medium=api&utm_source=a2c527c1&v=0F1BEF839FC7115B84A3E6C27CF1417109EA7A4A,2026-06-03T21:29:57Z,82768.43,82768.43,,Adzuna Live API,ae13ba4b723e4340677487316ad0e218
Business Analyst,Insight Global,"Lansing, Ingham County",us,"Job Description An Insight Global customer in the state government is hiring immediately for Mid Level Business Analyst. This position serves as the senior IT Business Analyst for MDOC's mission critical applications. Collaborates with MDOC clients and DTMB professionals to develop requirements, analyze data in support of projects, make recommendations for process and business flows, and develop consensus on both business and system requirements. This position will take on a leading role in com…",https://www.adzuna.com/land/ad/5744112281?se=TIeUSFVh8RGI27gKLue9KA&utm_medium=api&utm_source=a2c527c1&v=771D3C7EB6FA63ACED7EECC27E1815763FCCC60C,2026-05-28T21:30:50Z,107561.62,107561.62,,Adzuna Live API,1ae1b10645d976de27fb5573c0623e75
Business Analyst,Insight Global,"Saint Bernard, Hamilton County",us,"Job Description An employer is seeking a contract Business Analyst to join a project supporting their Credit System Rewrite. · Gather, analyze, document, and validate the functionality of existing applications/functions within the business and identify opportunities for enhancements. · Facilitate meetings, workshops, and discussions with business stakeholders and SMEs. · Work with Product Owner(s) and UX Designer(s) to create process maps, workflow diagrams, and supporting documentation as need…",https://www.adzuna.com/land/ad/5706725961?se=TIeUSFVh8RGI27gKLue9KA&utm_medium=api&utm_source=a2c527c1&v=DB7FED233875D127ED51278F1898583660B61414,2026-04-21T22:13:28Z,92427.62,92427.62,,Adzuna Live API,a747b12f44255168e33995628e34439a
Analytics Engineer,Insight Global,"Pico Heights, Los Angeles County",us,"Job Description One of our top media and entertainment clients is seeking an Analytics Engineer to support subscription and streaming analytics during a critical growth period leading into the World Cup. This role sits at the intersection of data engineering, analytics, and production support, partnering closely with business, marketing, engineering, and third-party teams. The Analytics Engineer will build and support data pipelines, integrate internal and external data sources, troubleshoot pr…",https://www.adzuna.com/land/ad/5709762202?se=HkwlSVVh8RGHk5mrcEw0_Q&utm_medium=api&utm_source=a2c527c1&v=0387E3A2BBD06D11321879524B17C5358C831CFC,2026-04-24T18:13:32Z,139189.11,139189.11,,Adzuna Live API,1eb5bf48601f02fe153ed3a164b26ed3
Analytics Engineer,Shaw Industries Inc,"Dalton, Whitfield County",us,"Job Title Analytics Engineer Position Overview Shaw Industries is seeking an Analytics Engineer to join our Residential Enablement and Insights team in Dalton, GA. This role sits at the intersection of business strategy, advanced analytics, and data engineering - with a strong emphasis on data modeling, Power BI, and Databricks. As an Analytics Engineer, you will design and implement scalable, trusted data models and visualization tools that drive strategic decision-making across our Residentia…",https://www.adzuna.com/land/ad/5745114769?se=HkwlSVVh8RGHk5mrcEw0_Q&utm_medium=api&utm_source=a2c527c1&v=152AE5FFFE75AC57E5DD8AE926976E80551FEBEF,2026-05-29T21:34:35Z,71199.06,71199.06,,Adzuna Live API,98c14a98f30fbbf9c42ff14aff97c4e5
Analytics Engineer,InEight,"Scottsdale, Maricopa County",us,"Company Description: InEight is a leader in construction project controls software, empowering over 850 companies taking on challenging projects in industries including construction and engineering; transportation infrastructure; mining; water; power and renewables; and oil, gas and chemical. Uniquely suited to capital construction and other complex work, our integrated modular software manages projects with over $1 trillion globally. Based in Scottsdale, Arizona, InEight supports a remote work…",https://www.adzuna.com/land/ad/5727555496?se=HkwlSVVh8RGHk5mrcEw0_Q&utm_medium=api&utm_source=a2c527c1&v=8C733051EDAE980D6300A4086C7C860F9D19123C,2026-05-12T21:41:00Z,110066.39,110066.39,,Adzuna Live API,2d643a55896e9239e948e7c804190e15
Analytics Engineer,InEight,"Phoenix, Maricopa County",us,"Company Description: InEight is a leader in construction project controls software, empowering over 850 companies taking on challenging projects in industries including construction and engineering; transportation infrastructure; mining; water; power and renewables; and oil, gas and chemical. Uniquely suited to capital construction and other complex work, our integrated modular software manages projects with over $1 trillion globally. Based in Scottsdale, Arizona, InEight supports a remote work…",https://www.adzuna.com/land/ad/5724770904?se=HkwlSVVh8RGHk5mrcEw0_Q&utm_medium=api&utm_source=a2c527c1&v=6FEF35C00C8117C6D62C7E5C792B9AB0F5812B3E,2026-05-09T21:42:16Z,90864.59,90864.59,,Adzuna Live API,64f8bde173c17ec87ac1cfb236145d2d
Analytics Engineer,InEight,"Benson, Douglas County",us,"Company Description: InEight is a leader in construction project controls software, empowering over 850 companies taking on challenging projects in industries including construction and engineering; transportation infrastructure; mining; water; power and renewables; and oil, gas and chemical. Uniquely suited to capital construction and other complex work, our integrated modular software manages projects with over $1 trillion globally. Based in Scottsdale, Arizona, InEight supports a remote work…",https://www.adzuna.com/land/ad/5724801999?se=HkwlSVVh8RGHk5mrcEw0_Q&utm_medium=api&utm_source=a2c527c1&v=FC794954656A847952355C7C542181B0F4DA91AA,2026-05-09T22:19:25Z,93201.69,93201.69,,Adzuna Live API,f3ee8b4c641e43ccd810ee6d98092566
Analytics Engineer,Eliassen Group,"Grand Central, Manhattan",us,"Analytics Engineer New York, NY Type: Contract Category: Data Industry: Communications Reference ID: JN -052026-106918 Date Posted: 05/11/2026 Shortcut: http://careers.eliassen.com/zLBn2N  Description  Recommended Jobs Description: Remote The mission of the Analytics Engineering team at our client is to enable, facilitate, and develop their ability to make data-driven strategic decisions. We are looking for Analytics Engineers to build and own domain datasets that will power insights, executive…",https://www.adzuna.com/land/ad/5752675088?se=HkwlSVVh8RGHk5mrcEw0_Q&utm_medium=api&utm_source=a2c527c1&v=E31B3305D9BA49B63E613C9D70BA76913138B23C,2026-06-04T21:38:26Z,161197.11,161197.11,,Adzuna Live API,1a13706319ee0bc41350df6de391b1f9
Analytics Engineer,iHeartMedia,"Ny State Campus, Albany County",us,"iHeartRadio Current employees and contingent workers click here (https://wd5.myworkday.com/iheartmedia/d/task/3005$4482.htmld) to apply and search by the Job Posting Title. The audio revolution is here - and iHeart is leading it! iHeartMedia, the number one audio company in America , reaches 90% of Americans every month  a monthly audience that's twice the size of any other audio company - almost three times the size of the largest TV network - and almost 4 times the size of the largest ad-supp…",https://www.adzuna.com/land/ad/5700904889?se=HkwlSVVh8RGHk5mrcEw0_Q&utm_medium=api&utm_source=a2c527c1&v=BB9387A17BA7F03C7857F4930399A32EAAE6CF16,2026-04-15T22:03:11Z,102254.8,102254.8,,Adzuna Live API,8ee22ec14704fb3b08e8b2a90900cdf8
Analytics Engineer,Insight Global,"Newark, New Castle County",us,"Job Description Key Responsibilities Data Engineering & Solution Development Design, build, and maintain SQL-based datasets, views, and data models that support marketing use cases Source, profile, and research data already living in the data warehouse to make it campaign-ready Engineer new data solutions end-to-end, from ingestion through business consumption Support identity-based and customer-level data use cases (e.g., prequalification strategies, audience growth, net-new identification) Bu…",https://www.adzuna.com/land/ad/5665991477?se=HkwlSVVh8RGHk5mrcEw0_Q&utm_medium=api&utm_source=a2c527c1&v=6048BDE4E1D1B93B184C8DC42600B6777ED5CD58,2026-03-14T21:29:47Z,108980.34,108980.34,,Adzuna Live API,b7030c8d1b6bade1abbff11427bace14
Analytics Engineer,Abbott,"Sylmar, Los Angeles County",us,"Abbott is a global healthcare leader that helps people live more fully at all stages of life. Our portfolio of life-changing technologies spans the spectrum of healthcare, with leading businesses and products in diagnostics, medical devices, nutritionals and branded generic medicines. Our 115,000 colleagues serve people in more than 160 countries. Main Purpose of the Role Develop, constructs, tests, and maintains data architectures such as databases and large-scale processing systems, where the…",https://www.adzuna.com/land/ad/5710666389?se=HkwlSVVh8RGHk5mrcEw0_Q&utm_medium=api&utm_source=a2c527c1&v=26EC3E3EBFB17759A61CD0DB4908A89F4A0EBE60,2026-04-25T18:19:39Z,103281.32,103281.32,,Adzuna Live API,cfa2aad2ac9cd930d0f2ca936e4dd12f
BI Analytics Engineer,Uline,"Pleasant Prairie, Kenosha County",us,"BI Analytics Engineer Corporate Headquarters 12575 Uline Drive, Pleasant Prairie, WI 53158 Build what's next. Power what’s now. As a BI Analytics Engineer at Uline, you’ll turn data into insights that drive decisions across the business. Partner with teams across the company to design dashboards, shape reporting and build scalable analytics solutions that support our custom enterprise systems. Why IT at Uline? Uline’s 450 person in-house tech team builds and supports the custom systems that run…",https://www.adzuna.com/details/5753037269?utm_medium=api&utm_source=a2c527c1,2026-06-05T06:01:41Z,141212.72,141212.72,,Adzuna Live API,0cba76910054bafd0edcbfa0fd6968bb
Analytics Engineer,SeatGeek,US,us,"SeatGeek believes live events are powerful experiences that unite humans. With our technological savvy and fan-first attitude we're simplifying and modernizing the ticketing industry. We are looking for an Analytics Engineer to join SeatGeek's Data team. You will join a high-performing team that partners closely with business stakeholders for their data management and insights generation needs. Analytics Engineers play a critical role in discovering, extracting, storing, cataloging, modeling, a…",https://www.adzuna.com/land/ad/5742772614?se=HkwlSVVh8RGHk5mrcEw0_Q&utm_medium=api&utm_source=a2c527c1&v=7796A1E5AEED4A9D92CCA922AA3DF03ACA918F66,2026-05-27T18:52:45Z,166895.25,166895.25,,Adzuna Live API,3f4faaf16e240213601b1a1b463e935a
Analytics Engineer,Saxon Global,"Miland, Sabine County",us,"Interim Controller – Oil Field Services Location: Hybrid role – requires periodic on-site presence in Midland, TX (approximately 25–50% travel) Duration: Interim / Contract (Full-time hours) Industry: Oil Field Services Client: Riveron Rate: up to $100/hr W2 3 months Overview: Our client, a leading player in the Oil Field Services sector, is seeking an Interim Controller to oversee accounting operations, financial reporting, and compliance functions. This role will ensure accuracy and efficienc…",https://www.adzuna.com/land/ad/5748644497?se=HkwlSVVh8RGHk5mrcEw0_Q&utm_medium=api&utm_source=a2c527c1&v=C8CF1728CDC9F0DB8D96E49517888B849E27BA7A,2026-06-01T23:01:32Z,280795.4,280795.4,,Adzuna Live API,452b9a4a256fc1ea8f134ba47fed81ea
Analytics Engineer,BlueSky Resource Solutions,"Northlake, DeKalb County",us,"Core Job Requirements 5 years of experience in analytics engineering, data engineering, or advanced BI within a modern data stack Strong SQL skills with experience building scalable, well-structured datasets Hands-on experience with dbt (or similar) for modeling, testing, and documentation Experience working with cloud data warehouses (Snowflake preferred), including performance tuning and cost awareness Solid understanding of analytics engineering best practices: Star and snowflake schemas Inc…",https://www.adzuna.com/land/ad/5721790557?se=HkwlSVVh8RGHk5mrcEw0_Q&utm_medium=api&utm_source=a2c527c1&v=0316F9AF8D9A4C8A5D807A6A914231650DC266B3,2026-05-07T12:10:45Z,111097.67,111097.67,,Adzuna Live API,4654d0d484ff6adaa968313cf9eb9965
Analytics Engineer,The Atlantic Group,"Grand Central, Manhattan",us,"Our client, a real estate and asset-based lender, is looking to hire a full-time Analytics Engineer to work onsite out of their Midtown Manhattan location. This is a dynamic team focusing on optimizing the firm's asset management operations and business intelligence (BI) capabilities. This role combines technical data engineering expertise with analytical science skills to drive data-informed decision-making across their portfolio. This is a broad/generalist focused role with a heavy focus on D…",https://www.adzuna.com/land/ad/5683637960?se=HkwlSVVh8RGHk5mrcEw0_Q&utm_medium=api&utm_source=a2c527c1&v=8358B837F469D5EFAE0D4663C9E11DF59AAC9550,2026-03-30T18:40:22Z,169486.94,169486.94,,Adzuna Live API,5fae8b58471048ea7388e7687cbc3a81
Senior Analytics Engineer,Insight Global,"Campbell, Santa Clara County",us,"Job Description The Analytics Engineer will support data, automation, and AI initiatives focused on Revenue Cycle Management (RCM), with an emphasis on automating the Accounts Receivable (AR) Follow-Up function. This role will design scalable, production-grade data models using dbt in a modern cloud-based lakehouse environment. In addition to core analytics engineering responsibilities, this position will help enable AI-driven workflows such as intelligent account prioritization, denial trend d…",https://www.adzuna.com/land/ad/5644189232?se=HkwlSVVh8RGHk5mrcEw0_Q&utm_medium=api&utm_source=a2c527c1&v=FF32A5026537E8FA14086792520AD06AF781D1CF,2026-02-24T16:28:22Z,107326.88,107326.88,,Adzuna Live API,788c2b10d5518a17ef75d8b37fb54e3c
Analytics Engineer (Remote),Insight Global,"Montgomery, Hamilton County",us,"Job Description An employer is seeking an Analytics Engineer to join their data organization. This individual will play a key role in transforming curated data into clear, consistent, and analytics-ready data models that support reporting, dashboards, and decision-making across the business. This role sits at the intersection of data engineering, analytics, and business stakeholders, owning the semantic layer and ensuring metrics are trusted, well-defined, and easy to use. The ideal candidate i…",https://www.adzuna.com/land/ad/5704138289?se=HkwlSVVh8RGHk5mrcEw0_Q&utm_medium=api&utm_source=a2c527c1&v=6EAB541BD838C9BC91469B30AD79E94233664A39,2026-04-18T22:09:42Z,119291.73,119291.73,,Adzuna Live API,3823d427e4c17903466621149f495368
Sr. Analytics Engineer,Insight Global,"Santa Monica, Los Angeles County",us,"Job Description A client is seeking a Senior Analytics Engineer to join their growing Data & Analytics team! This person will be passionate about using data to create value and will have a strong background in data & analytics engineering. This person will be essential in increasing accessibility to data and empowering teams to make informed decisions. This person will partner directly with multiple product team functions and domains and will drive impact through their data strategy, vision, an…",https://www.adzuna.com/land/ad/5654271889?se=HkwlSVVh8RGHk5mrcEw0_Q&utm_medium=api&utm_source=a2c527c1&v=534B1094178B2238BB2C734922AC48141EB5FC2E,2026-03-04T16:31:11Z,113365.07,113365.07,,Adzuna Live API,1684921112f7bc0906c906f081ecb7e0
Data Analytics Engineer,Skanska,"Durham, Durham County",us,"Skanska is searching for a dynamic Data Analytics Engineer. This is a great opportunity to start a career with a company that builds things that matter and values its team. We are proud to share our culture of diversity and inclusion. Our work makes a clear contribution to society and the environment around us. We build in many different verticals. Whether we are building schools to provide inspiring spaces for learning, roads to connect communities, or hospitals to care for patients, it all co…",https://www.adzuna.com/land/ad/5723692824?se=HkwlSVVh8RGHk5mrcEw0_Q&utm_medium=api&utm_source=a2c527c1&v=262C326C140188A3F36742D8C0D788299F6D80CD,2026-05-08T21:36:46Z,110575.4,110575.4,,Adzuna Live API,f6d79bf18539d74f21393c35ff15df96
Data Analytics Engineer,Skanska,"Atlanta, Fulton County",us,"Skanska is searching for a dynamic Data Analytics Engineer. This is a great opportunity to start a career with a company that builds things that matter and values its team. We are proud to share our culture of diversity and inclusion. Our work makes a clear contribution to society and the environment around us. We build in many different verticals. Whether we are building schools to provide inspiring spaces for learning, roads to connect communities, or hospitals to care for patients, it all co…",https://www.adzuna.com/land/ad/5723694001?se=HkwlSVVh8RGHk5mrcEw0_Q&utm_medium=api&utm_source=a2c527c1&v=F1B6C2ED92DF79BAB6F87DCD1C63A1FD97687261,2026-05-08T21:37:08Z,152241.27,152241.27,,Adzuna Live API,2bf1e8f0e906d1205a3e00319a0eeac7
Data Analytics Engineer,Skanska,"Charlotte, Mecklenburg County",us,"Skanska is searching for a dynamic Data Analytics Engineer. This is a great opportunity to start a career with a company that builds things that matter and values its team. We are proud to share our culture of diversity and inclusion. Our work makes a clear contribution to society and the environment around us. We build in many different verticals. Whether we are building schools to provide inspiring spaces for learning, roads to connect communities, or hospitals to care for patients, it all co…",https://www.adzuna.com/land/ad/5723692827?se=HkwlSVVh8RGHk5mrcEw0_Q&utm_medium=api&utm_source=a2c527c1&v=EB46D1FA50763C2F0A5991F81BB36FCA7D10C35D,2026-05-08T21:36:46Z,106122.02,106122.02,,Adzuna Live API,9424b055487b4f45d2155cbade8b0995
Staff Analytics Engineer,RxBenefits,"Bonnie, Utah County",us,"The Staff Analytics Engineer contributes to the creation and maintenance of the enterprise data warehouse that will support all reporting and analytic functions at the company. This position analyzes, tests, and implements ELT, connections, and extracts supporting various business applications (including definition, structure, documentation, long-range requirements, operational guidelines). Ensures data warehouse resilience, availability, recovery, maintenance, data integrity and capacity plann…",https://www.adzuna.com/land/ad/5704248832?se=HkwlSVVh8RGHk5mrcEw0_Q&utm_medium=api&utm_source=a2c527c1&v=850BB6E06DAF744095422D9AFD822DC13386D6B5,2026-04-19T00:42:32Z,129389.95,129389.95,,Adzuna Live API,057911dc4ac30a82cb3f9cddf4124737
Lead Analytics Engineer,ARAMARK,"North Bethesda, Montgomery County",us,"Job Description We are looking for a highly independent Lead Analytics Engineer to own and evolve our enterprise BI data layer, built on Snowflake and DBT. This role goes beyond implementation - you will be responsible for data modeling decisions, pipeline design, validation, and system reliability across a complex and evolving data ecosystem. You will work closely with analytics, supply chain, and engineering teams but are expected to drive technical solutions end-to-end, including in ambiguou…",https://www.adzuna.com/land/ad/5746004460?se=HkwlSVVh8RGHk5mrcEw0_Q&utm_medium=api&utm_source=a2c527c1&v=4CE3F9E5C246FDAB32AD97DA2C54168C6A6ECF22,2026-05-30T18:30:17Z,119915.3,119915.3,,Adzuna Live API,1489c43d9ee168903260344edd2b45fc
Data Analytics Engineer,Insight Global,"Harrison, Westchester County",us,"Job Description Insight Global is seeking a Data Analytics Engineer for a top professional sports and sports technology client. This candidate will serve as a core analytics consultant supporting elite athlete performance and operational decision-making. The role focuses on migrating and optimizing Tableau dashboards built on AWS Redshift while taking full ownership of a specialized athlete management platform. The ideal candidate is technically strong, highly curious, and eager to become a sub…",https://www.adzuna.com/land/ad/5737134563?se=HkwlSVVh8RGHk5mrcEw0_Q&utm_medium=api&utm_source=a2c527c1&v=4F2CD6260BD1F70D703DC09236DBC1F89D1F154D,2026-05-21T21:37:18Z,156506.62,156506.62,,Adzuna Live API,4f3ae464e6b55a3b9c55b0f4e3460549
Data & Analytics Engineer,"CGI Technologies and Solutions, Inc.","Nashville, Davidson County",us,"Data & Analytics Engineer Category: Analytics and Emerging Digital Technologies Main location: United States, Tennessee, Nashville Position ID: J0426-0320 Employment Type: Full Time Position Description: Do you want to take your career to the next level? CGI is looking for a dedicated and experienced Data and Analytics Engineer with a passion for solving business problems to join our team in Nashville. At CGI, you will solve important business and technical problems as a full-time consultant se…",https://www.adzuna.com/land/ad/5692626951?se=HkwlSVVh8RGHk5mrcEw0_Q&utm_medium=api&utm_source=a2c527c1&v=601593B9B0C52BD90CCD74F32112FB2692580ED8,2026-04-07T21:55:55Z,132011.67,132011.67,,Adzuna Live API,a2910b8d4876fd403491036c7dfb12b2
Advanced Analytics Engineer,Honeywell Aerospace,"Phoenix, Maricopa County",us,"As an Advanced Analytics Engineer here at Honeywell Aerospace Commercial Excellence Team, you will play a critical role in driving data-driven decision-making and providing valuable insights to support business growth and operational excellence. You will be responsible for managing analytics projects, collaborating with cross-functional teams, and delivering actionable insights to drive business outcomes in the aerospace industry. In this role, you will impact the aerospace industry by building…",https://www.adzuna.com/land/ad/5735748090?se=HkwlSVVh8RGHk5mrcEw0_Q&utm_medium=api&utm_source=a2c527c1&v=0A4F07CECAE2963BB4C1D552B19C4BA6B9BEF619,2026-05-20T21:28:59Z,75028.98,75028.98,,Adzuna Live API,45a06bca2bf17d9bf560b5a0c7099bbb
Advanced Analytics Engineer,Honeywell Aerospace,"Charlotte, Mecklenburg County",us,"As an Advanced Analytics Engineer here at Honeywell Aerospace Commercial Excellence Team, you will play a critical role in driving data-driven decision-making and providing valuable insights to support business growth and operational excellence. You will be responsible for managing analytics projects, collaborating with cross-functional teams, and delivering actionable insights to drive business outcomes in the aerospace industry. In this role, you will impact the aerospace industry by building…",https://www.adzuna.com/land/ad/5735776448?se=HkwlSVVh8RGHk5mrcEw0_Q&utm_medium=api&utm_source=a2c527c1&v=B66FC2BA0FE34DB1D8D60AC99E06DF9EBF0E0FCA,2026-05-20T21:33:38Z,77329.87,77329.87,,Adzuna Live API,7956113f944dbb35d5ea9d572ab94b2e
Data Analytics Engineer,Insight Global,"Pico Heights, Los Angeles County",us,"Job Description Overview A client in the luxury fashion space is looking for a Data Analyst/Engineer hybrid. This role sits at the intersection of business, data, and engineering. The individual will partner closely with Finance, B2C, eCommerce, Retail, and Digital Marketing stakeholders to understand their needs, translate requests into data requirements, and work with Data Engineering to deliver reliable data models and dashboards. The role is highly SQL driven with a strong emphasis on debug…",https://www.adzuna.com/land/ad/5718251925?se=HkwlSVVh8RGHk5mrcEw0_Q&utm_medium=api&utm_source=a2c527c1&v=DC8B713FC65DFF2DD2CEC24ADAACA9C14D6B54B6,2026-05-03T18:35:09Z,110268.33,110268.33,,Adzuna Live API,18875d70559f026e6d3ca2f686fc9604
Senior Analytics Engineer,Insight Global,"Guadalupe, Maricopa County",us,"Job Description We are seeking a highly skilled and experienced Senior Analytics Engineer with expertise in Microsoft technologies to join our dynamic team The ideal candidate will be responsible for designing, developing, and maintaining business intelligence solutions, with a strong emphasis on semantic layer design and scalable data modeling. This role will involve collaborating with cross-functional teams to gather requirements, design data models, and implement robust BI solutions to suppo…",https://www.adzuna.com/land/ad/5749937406?se=HkwlSVVh8RGHk5mrcEw0_Q&utm_medium=api&utm_source=a2c527c1&v=77E81CF41965F7B1D9AF0F32E4F94ABD4E9B8273,2026-06-02T21:31:32Z,160685.08,160685.08,,Adzuna Live API,b16a34790f501fbe6bdb4591bc17cad7
Cognitive Analytics Engineer,Corteva Agriscience,"Johnston, Polk County",us,"At Corteva Agriscience , you will help us grow what's next. No matter your role, you will be part of a team that is building the future of agriculture - leading breakthroughs in the innovation and application of science and technology that will better the lives of people all over the world and fuel the progress of humankind. Please note: there is no visa sponsorship provided for this role. We're looking for a Cognitive Analytics Engineer to join our Artificial Intelligence in Breeding group. Yo…",https://www.adzuna.com/land/ad/5731954785?se=HkwlSVVh8RGHk5mrcEw0_Q&utm_medium=api&utm_source=a2c527c1&v=0A42E6AB793B29AAC59E5B2233E9BA7740C304CE,2026-05-16T21:12:12Z,129738.4,129738.4,,Adzuna Live API,cdf7e58ad477a23fead7d1fbeb09dea5
Analytical Engineer II,"Techtronic Industries North America, Inc.","Sandy Springs, Anderson County",us,"Job Description: Primary Responsibilities:  Support new product development (NPD) through CAE simulations, including CFD and FEA. Responsibilities include axial and centrifugal fan design, internal flow path development, and structural integrity and durability.  Support the Advanced Engineering team in the research and development of new to market products and technology.  Perform and develop techniques for multi-physics simulations including conjugate heat transfer analysis, spray atomization,…",https://www.adzuna.com/land/ad/5396190849?se=HkwlSVVh8RGHk5mrcEw0_Q&utm_medium=api&utm_source=a2c527c1&v=35D1B6D740CCE5996CF0B5C9EDF350C63940A4AE,2025-09-12T15:00:10Z,80063.93,80063.93,,Adzuna Live API,f6991cb25dda6b43de360e89a36a1a87
Data Analytics Engineer,Insight Global,"Atlanta, Fulton County",us,"Job Description Our client is seeking a skilled and inquisitive Data Analyst / BI Developer to join our growing Data & Analytics team. In this role, you will analyze, validate, and interpret data across our Azure-based analytics platform, transforming raw data into meaningful insights through high-quality Power BI dashboards. You will work closely with business stakeholders and data engineering teams to ensure data is accurate, accessible, and actionable, enabling self-service analytics within …",https://www.adzuna.com/land/ad/5696231991?se=HkwlSVVh8RGHk5mrcEw0_Q&utm_medium=api&utm_source=a2c527c1&v=D87566B917E2A84F62F811083A0DEAF063FF65E2,2026-04-10T21:45:41Z,156491.39,156491.39,,Adzuna Live API,b2f63043eeaf84025ef2be6da84a3309
Industrial Data Analytics Engineer,Jobot,"Mc Elhattan, Clinton County",us,"We are a growing manufacturing company looking to add a Industrial Data Analytics Engineer to our growing team! This Jobot Job is hosted by: Ryan Rubino Are you a fit? Easy Apply now by clicking the ""Quick Apply"" buttonand sending us your resume. Salary: $85,000 - $90,000 per year A bit about us: We are a growing manufacturing company looking to add a Industrial Data Analytics Engineer to our growing team! Why join us? Great pay/benefits! Room for career growth! Excellent employee culture! Job …",https://www.adzuna.com/land/ad/5752621248?se=HkwlSVVh8RGHk5mrcEw0_Q&utm_medium=api&utm_source=a2c527c1&v=644A87A9BFC0E19F8F413C9693A1C9E2F5D38542,2026-06-04T21:16:19Z,90890.16,90890.16,,Adzuna Live API,3475a9229bad4b7788dd5481ebd9be8e
Analytics Engineer,SeatGeek,"Grand Central, Manhattan",us,"SeatGeek believes live events are powerful experiences that unite humans. With our technological savvy and fan-first attitude we're simplifying and modernizing the ticketing industry. We are looking for an Analytics Engineer to join SeatGeek's Data team. You will join a high-performing team that partners closely with business stakeholders for their data management and insights generation needs. Analytics Engineers play a critical role in discovering, extracting, storing, cataloging, modeling, a…",https://www.adzuna.com/land/ad/5742770336?se=HkwlSVVh8RGHk5mrcEw0_Q&utm_medium=api&utm_source=a2c527c1&v=D7AE20D797BF0070AEB854FF411D871455C24FC2,2026-05-27T18:48:07Z,188338.84,188338.84,,Adzuna Live API,81f6011703fe2987b07e1b7e68b21d86
Analytics Engineer,Eliassen Group,"Grand Central, Manhattan",us,"Description: Remote The mission of the Analytics Engineering team at our client is to enable, facilitate, and develop their ability to make data-driven strategic decisions. We are looking for Analytics Engineers to build and own domain datasets that will power insights, executive reporting, and strategic initiatives. This individual contributor role will focus on developing AE's nascent partnerships with stakeholders across the org, aligning and collaborating closely with the Strategy and Busin…",https://www.adzuna.com/land/ad/5751281581?se=HkwlSVVh8RGHk5mrcEw0_Q&utm_medium=api&utm_source=a2c527c1&v=4D10C134A727C11A988B4423DB833D65D578A9A8,2026-06-03T19:51:31Z,151872.06,151872.06,,Adzuna Live API,56881772691ceef1c3bfc3e84875d805
Digital Analytics Engineer,Argyle Infotech,"Highland Park, Dallas",us,"Digital Analytics Engineer – Instrumentation And Tagging Location: SFO or Dallas, Texas (Locals) Mode Of Interview: F2F C2C, Duration: Long Term Job Description: The ideal candidate will have practical experience with digital data collection and third-party analytics platforms (e.g., Adobe Analytics, Google Analytics). They should be comfortable implementing tagging strategies, configuring tag management systems, and ensuring accurate data capture across web and mobile applications. Key Respons…",https://www.adzuna.com/land/ad/5745490594?se=HkwlSVVh8RGHk5mrcEw0_Q&utm_medium=api&utm_source=a2c527c1&v=4EC076ACA107EE61DF7A16CFA63D14C167A547F1,2026-05-30T06:05:13Z,94293.93,94293.93,,Adzuna Live API,839a2533580769d6da550ac22b377844
"Sr. Consultant, Analytics Engineer",IBM,"South Norwalk, Fairfield County",us,"Introduction At IBM, work is more than a job - it's a calling: To build. To design. To code. To consult. To think along with clients and sell. To make markets. To invent. To collaborate. Not just to do something better, but to attempt things you've never thought possible. Are you ready to lead in this new era of technology and solve some of the world's most challenging problems? If so, lets talk Your role and responsibilities We are looking for a Sr. Consultant, Analytics Engineering to join ou…",https://www.adzuna.com/land/ad/5715064127?se=HkwlSVVh8RGHk5mrcEw0_Q&utm_medium=api&utm_source=a2c527c1&v=1B1B9A80900F26AB01CAAA96C8A6BF48ECBDF784,2026-04-30T21:19:28Z,132328.67,132328.67,,Adzuna Live API,d74f1c1adef3217765d3ed9c3db05794
"Sr. Consultant, Analytics Engineer",IBM,"Tucson, Pima County",us,"Introduction At IBM, work is more than a job - it's a calling: To build. To design. To code. To consult. To think along with clients and sell. To make markets. To invent. To collaborate. Not just to do something better, but to attempt things you've never thought possible. Are you ready to lead in this new era of technology and solve some of the world's most challenging problems? If so, lets talk Your role and responsibilities We are looking for a Sr. Consultant, Analytics Engineering to join ou…",https://www.adzuna.com/land/ad/5715069308?se=HkwlSVVh8RGHk5mrcEw0_Q&utm_medium=api&utm_source=a2c527c1&v=DCB31C21AD8877AC0517665BA23B23B813BFE47F,2026-04-30T21:20:12Z,131151.34,131151.34,,Adzuna Live API,21646bfcd7157a2e7e98503a7e985dea
"Sr. Consultant, Analytics Engineer",IBM,"Winterhaven, Imperial County",us,"Introduction At IBM, work is more than a job - it's a calling: To build. To design. To code. To consult. To think along with clients and sell. To make markets. To invent. To collaborate. Not just to do something better, but to attempt things you've never thought possible. Are you ready to lead in this new era of technology and solve some of the world's most challenging problems? If so, lets talk Your role and responsibilities We are looking for a Sr. Consultant, Analytics Engineering to join ou…",https://www.adzuna.com/land/ad/5715069293?se=HkwlSVVh8RGHk5mrcEw0_Q&utm_medium=api&utm_source=a2c527c1&v=F8711C31EDA470ED1A9C1EB7AB832A2D927F05F7,2026-04-30T21:20:12Z,120662.1,120662.1,,Adzuna Live API,1cb563c7e27a65469648eb578effc310
"Sr. Consultant, Analytics Engineer",IBM,"Augusta, Kennebec County",us,"Introduction At IBM, work is more than a job - it's a calling: To build. To design. To code. To consult. To think along with clients and sell. To make markets. To invent. To collaborate. Not just to do something better, but to attempt things you've never thought possible. Are you ready to lead in this new era of technology and solve some of the world's most challenging problems? If so, lets talk Your role and responsibilities We are looking for a Sr. Consultant, Analytics Engineering to join ou…",https://www.adzuna.com/land/ad/5715006220?se=HkwlSVVh8RGHk5mrcEw0_Q&utm_medium=api&utm_source=a2c527c1&v=7B25FDBFFED2576F9D8DDCB8229987A49C94677E,2026-04-30T21:04:37Z,163590.44,163590.44,,Adzuna Live API,72c2d5b74095871543c49200c28f66f7
"Sr. Consultant, Analytics Engineer",IBM,"Washington, D.C., US",us,"Introduction At IBM, work is more than a job - it's a calling: To build. To design. To code. To consult. To think along with clients and sell. To make markets. To invent. To collaborate. Not just to do something better, but to attempt things you've never thought possible. Are you ready to lead in this new era of technology and solve some of the world's most challenging problems? If so, lets talk Your role and responsibilities We are looking for a Sr. Consultant, Analytics Engineering to join ou…",https://www.adzuna.com/land/ad/5715111137?se=HkwlSVVh8RGHk5mrcEw0_Q&utm_medium=api&utm_source=a2c527c1&v=93DEC23658177B9D2A26778DF7389273D72651BA,2026-04-30T21:35:31Z,124146.49,124146.49,,Adzuna Live API,b602984f69f90b6779f62fbc8dd66720
"Sr. Consultant, Analytics Engineer",IBM,"Newark, New Castle County",us,"Introduction At IBM, work is more than a job - it's a calling: To build. To design. To code. To consult. To think along with clients and sell. To make markets. To invent. To collaborate. Not just to do something better, but to attempt things you've never thought possible. Are you ready to lead in this new era of technology and solve some of the world's most challenging problems? If so, lets talk Your role and responsibilities We are looking for a Sr. Consultant, Analytics Engineering to join ou…",https://www.adzuna.com/land/ad/5715111231?se=HkwlSVVh8RGHk5mrcEw0_Q&utm_medium=api&utm_source=a2c527c1&v=173E5E674A5E0F4D882C60C1F94731F070492E54,2026-04-30T21:35:34Z,131542.03,131542.03,,Adzuna Live API,c67a6ea31687abcca7df561d74e430f0
"Sr. Consultant, Analytics Engineer",IBM,"Prescott, Yavapai County",us,"Introduction At IBM, work is more than a job - it's a calling: To build. To design. To code. To consult. To think along with clients and sell. To make markets. To invent. To collaborate. Not just to do something better, but to attempt things you've never thought possible. Are you ready to lead in this new era of technology and solve some of the world's most challenging problems? If so, lets talk Your role and responsibilities We are looking for a Sr. Consultant, Analytics Engineering to join ou…",https://www.adzuna.com/land/ad/5715069310?se=HkwlSVVh8RGHk5mrcEw0_Q&utm_medium=api&utm_source=a2c527c1&v=511A81F57FEE94D942801D6016D4AA5733EA0F53,2026-04-30T21:20:12Z,185329.11,185329.11,,Adzuna Live API,70788894d66c5cc6a0e2653152718de2
"Sr. Consultant, Analytics Engineer",IBM,"Bentonville, Benton County",us,"Introduction At IBM, work is more than a job - it's a calling: To build. To design. To code. To consult. To think along with clients and sell. To make markets. To invent. To collaborate. Not just to do something better, but to attempt things you've never thought possible. Are you ready to lead in this new era of technology and solve some of the world's most challenging problems? If so, lets talk Your role and responsibilities We are looking for a Sr. Consultant, Analytics Engineering to join ou…",https://www.adzuna.com/land/ad/5715062562?se=HkwlSVVh8RGHk5mrcEw0_Q&utm_medium=api&utm_source=a2c527c1&v=C0D3D97939AFA7C6FDFDC188C324E0D890B45CAE,2026-04-30T21:19:09Z,137540.36,137540.36,,Adzuna Live API,cca229e341e2e0d0e59cf27e0a2561ad
"Sr. Consultant, Analytics Engineer",IBM,"Redstone Arsenal, Madison County",us,"Introduction At IBM, work is more than a job - it's a calling: To build. To design. To code. To consult. To think along with clients and sell. To make markets. To invent. To collaborate. Not just to do something better, but to attempt things you've never thought possible. Are you ready to lead in this new era of technology and solve some of the world's most challenging problems? If so, lets talk Your role and responsibilities We are looking for a Sr. Consultant, Analytics Engineering to join ou…",https://www.adzuna.com/land/ad/5715069782?se=HkwlSVVh8RGHk5mrcEw0_Q&utm_medium=api&utm_source=a2c527c1&v=E7904BFDE727413D5B806488CCBA095122D193C3,2026-04-30T21:20:16Z,138663.8,138663.8,,Adzuna Live API,964b4ebcc74b2be38226323f6e53afc2
"Sr. Consultant, Analytics Engineer",IBM,"Lake Havasu City, Mohave County",us,"Introduction At IBM, work is more than a job - it's a calling: To build. To design. To code. To consult. To think along with clients and sell. To make markets. To invent. To collaborate. Not just to do something better, but to attempt things you've never thought possible. Are you ready to lead in this new era of technology and solve some of the world's most challenging problems? If so, lets talk Your role and responsibilities We are looking for a Sr. Consultant, Analytics Engineering to join ou…",https://www.adzuna.com/land/ad/5715069283?se=HkwlSVVh8RGHk5mrcEw0_Q&utm_medium=api&utm_source=a2c527c1&v=535D33EB32C345466454232A063F8D9E9E0C534A,2026-04-30T21:20:12Z,192007.34,192007.34,,Adzuna Live API,627dacaa9dd663f7a0ffce636fbde4e3
"Sr. Consultant, Analytics Engineer",IBM,"Phoenix, Maricopa County",us,"Introduction At IBM, work is more than a job - it's a calling: To build. To design. To code. To consult. To think along with clients and sell. To make markets. To invent. To collaborate. Not just to do something better, but to attempt things you've never thought possible. Are you ready to lead in this new era of technology and solve some of the world's most challenging problems? If so, lets talk Your role and responsibilities We are looking for a Sr. Consultant, Analytics Engineering to join ou…",https://www.adzuna.com/land/ad/5715069357?se=HkwlSVVh8RGHk5mrcEw0_Q&utm_medium=api&utm_source=a2c527c1&v=9A09B1FE6CB3E97B802592381FD96EE43C45D315,2026-04-30T21:20:13Z,115936.52,115936.52,,Adzuna Live API,693917b67589e2565bd93dc06f7492ed
"Sr. Consultant, Analytics Engineer",IBM,"Bellemont, Coconino County",us,"Introduction At IBM, work is more than a job - it's a calling: To build. To design. To code. To consult. To think along with clients and sell. To make markets. To invent. To collaborate. Not just to do something better, but to attempt things you've never thought possible. Are you ready to lead in this new era of technology and solve some of the world's most challenging problems? If so, lets talk Your role and responsibilities We are looking for a Sr. Consultant, Analytics Engineering to join ou…",https://www.adzuna.com/land/ad/5715069306?se=HkwlSVVh8RGHk5mrcEw0_Q&utm_medium=api&utm_source=a2c527c1&v=DF74F65F4D7B091EEAF5FE3EAAD61147BACEDE8A,2026-04-30T21:20:12Z,134854.11,134854.11,,Adzuna Live API,16779c21f6acbbfb406bc22fc54fcf9f
"Sr. Consultant, Analytics Engineer",IBM,"Yorktown, Westchester County",us,"Introduction At IBM, work is more than a job - it's a calling: To build. To design. To code. To consult. To think along with clients and sell. To make markets. To invent. To collaborate. Not just to do something better, but to attempt things you've never thought possible. Are you ready to lead in this new era of technology and solve some of the world's most challenging problems? If so, lets talk Your role and responsibilities We are looking for a Sr. Consultant, Analytics Engineering to join ou…",https://www.adzuna.com/land/ad/5715098021?se=HkwlSVVh8RGHk5mrcEw0_Q&utm_medium=api&utm_source=a2c527c1&v=6B23CD7358315C5A7856DA13ACC00FC65B1FF5F8,2026-04-30T21:26:23Z,138447.88,138447.88,,Adzuna Live API,ed6739f6cf20b15df7ea57763dc60985
"Sr. Consultant, Analytics Engineer",IBM,"Armonk, Westchester County",us,"Introduction At IBM, work is more than a job - it's a calling: To build. To design. To code. To consult. To think along with clients and sell. To make markets. To invent. To collaborate. Not just to do something better, but to attempt things you've never thought possible. Are you ready to lead in this new era of technology and solve some of the world's most challenging problems? If so, lets talk Your role and responsibilities We are looking for a Sr. Consultant, Analytics Engineering to join ou…",https://www.adzuna.com/land/ad/5715098028?se=HkwlSVVh8RGHk5mrcEw0_Q&utm_medium=api&utm_source=a2c527c1&v=CA410B14BEC0CBAB8279AF80C0D8C1BA56C54F90,2026-04-30T21:26:23Z,166211.62,166211.62,,Adzuna Live API,9c6e196406522bb49f867bc7bd52608a
"Sr. Consultant, Analytics Engineer",IBM,"Poughkeepsie, Dutchess County",us,"Introduction At IBM, work is more than a job - it's a calling: To build. To design. To code. To consult. To think along with clients and sell. To make markets. To invent. To collaborate. Not just to do something better, but to attempt things you've never thought possible. Are you ready to lead in this new era of technology and solve some of the world's most challenging problems? If so, lets talk Your role and responsibilities We are looking for a Sr. Consultant, Analytics Engineering to join ou…",https://www.adzuna.com/land/ad/5715098025?se=HkwlSVVh8RGHk5mrcEw0_Q&utm_medium=api&utm_source=a2c527c1&v=4E9BADCB3B578EE0F7DBE5A00C480759E5B782F8,2026-04-30T21:26:23Z,137117.73,137117.73,,Adzuna Live API,6ff0ff14e721bcb94f6d6c777630f5b6
Mid-to-Senior Data Scientist,"SimVentions, Inc - Glassdoor ✪ 4.6","Dahlgren, King George County",us,"Overview: SimVentions is 100% employee-owned and proudly ranked among Virginia’s Best Places to Work year after year! We are actively seeking a highly skilled and motivated Data Scientist to join the Autonomous Weapons Branch (H63) team, where he/she will be responsible for the development and integration of autonomy and artificial intelligence (AAI) enabled weapon systems. Travel: Negligible Clearance: An Interim Secret Clearance is required for this position. Applicants selected will be subje…",https://www.adzuna.com/land/ad/5750665352?se=ItqrSVVh8RGxTLCnpSp8PA&utm_medium=api&utm_source=a2c527c1&v=043D9352F9566F17596A0B045024ED95446D656D,2026-06-03T09:35:45Z,216422.42,216422.42,,Adzuna Live API,5da799ac458da8778aa19dc16e6efdfa
Data Scientist - Predictive Analytics,MCKESSON,"Grandview Heights, Franklin County",us,"McKesson is an impact-driven, Fortune 10 company that touches virtually every aspect of healthcare. We are known for delivering insights, products, and services that make quality care more accessible and affordable. Here, we focus on the health, happiness, and well-being of you and those we serve – we care. What you do at McKesson matters. We foster a culture where you can grow, make an impact, and are empowered to bring new ideas. Together, we thrive as we shape the future of health for patien…",https://www.adzuna.com/land/ad/5748385374?se=ItqrSVVh8RGxTLCnpSp8PA&utm_medium=api&utm_source=a2c527c1&v=B6A4554D2A8FDE2E9943C08E027605C6179E7C82,2026-06-01T18:49:49Z,131915.02,131915.02,,Adzuna Live API,3305ef098c6547a68935375b420dd290
Data Scientist,Hirose Electric USA,"Downers Grove, DuPage County",us,"Description: ABOUT HIROSE This is an exciting opportunity to join Hirose, an organization that for almost a hundred years has been pioneering thousands of new connectors and defining industry standards in consumer electronics, industrial automation, high speed backbone computer infrastructure, automotive, and medical applications. A compact company of smart people, Hirose uses the talents of every employee to bring innovation to put big technology in small packages. Position Summary We are seek…",https://www.adzuna.com/land/ad/5752092911?se=ItqrSVVh8RGxTLCnpSp8PA&utm_medium=api&utm_source=a2c527c1&v=45E8F8B347C04A3F942CE65209C91990788F20E7,2026-06-04T09:35:45Z,103531.11,103531.11,,Adzuna Live API,cfd455dad518fac758d9ed1558f3268a
Sr. Data Scientist - AI/ML,Procter & Gamble,"Cincinnati, Hamilton County",us,"Job Location CINCINNATI GENERAL OFFICES Job Description Do you thrive on tackling billion-dollar data science challenges involving trillions of data points? Are you passionate about breaking new ground where computer science meets hard science? If transforming raw, untidy data into game-changing insights—and surprising business leaders with the power of Generative and Agentic AI—sounds like your mission, then P&G is the place for you. As a Data Scientist in our organization, you will play a cru…",https://www.adzuna.com/land/ad/5749965654?se=ItqrSVVh8RGxTLCnpSp8PA&utm_medium=api&utm_source=a2c527c1&v=6CB3F198750F02FDFBFF859D95F7245D1E546024,2026-06-02T21:50:39Z,161411.23,161411.23,,Adzuna Live API,46f54c6336b30aff13423af15d04fcb6
Data Scientist,ManTech International,"West Springfield, Fairfax County",us,"At ManTech, we are dedicated to providing advanced technology and solutions to secure our national security. We are seeking a Data Scientist who will leverage data analytics, machine learning, and artificial intelligence to support critical missions across the U.S. intelligence community and federal agencies. The right candidate will contribute to the maintenance of our nation's security by transforming large amounts of complex data into actionable intelligence. Develop predictive models and al…",https://www.adzuna.com/land/ad/5712068847?se=ItqrSVVh8RGxTLCnpSp8PA&utm_medium=api&utm_source=a2c527c1&v=2F21B6019631936659C6D026142DB9344E72FE65,2026-04-27T19:15:21Z,120000.0,160000.0,,Adzuna Live API,289038cb075b84d607b84a236d5881fe
Data Scientist,"SimVentions, Inc - Glassdoor 4.6","Dahlgren, King George County",us,"SimVentions, Inc. seeks a Data Scientist to join our Data Science & AI team supporting Defense & Aerospace missions. In this role, you will design and deploy data-driven and machine learning solutions that enhance decision-making for U.S. Department of Defense and federal customers. You will work with complex datasets, build and evaluate predictive models, and implement scalable data pipelines in collaboration with engineers, analysts, and mission experts. At SimVentions, you will experience a …",https://www.adzuna.com/land/ad/5736461749?se=ItqrSVVh8RGxTLCnpSp8PA&utm_medium=api&utm_source=a2c527c1&v=743F1D3913C9961684941D626BDC8971A2B98EAD,2026-05-21T08:30:21Z,135000.0,180000.0,,Adzuna Live API,9a9e93f1a276515933716e903d348e08
Data Scientist,Hirose Electric USA,"Downers Grove, DuPage County",us,"Hirose Electric USA seeks a Data Scientist to drive data-informed innovation across electrical, technology, and manufacturing operations within our Data Science & AI department. You will design and implement machine learning models, perform advanced statistical analyses, and turn complex production and product data into actionable insights. Partnering closely with engineering, product, and commercial teams, you will optimize processes, enhance product performance, and support strategic decision…",https://www.adzuna.com/land/ad/5753326809?se=ItqrSVVh8RGxTLCnpSp8PA&utm_medium=api&utm_source=a2c527c1&v=2DDEC446EB1CE6967F16FFDB0372F6091515F907,2026-06-05T12:21:45Z,130000.0,170000.0,,Adzuna Live API,936be6aba84d724df5f45a9bdf598b0d
Data Scientist (Data Scientist 3)- 28483,HII Mission Technologies Division,"Honolulu, Hawaii",us,"Requisition Number: 28483 Required Travel: 0 - 10% Employment Type: Full Time/Salaried/Exempt Anticipated Salary Range: $113,813.00 - $185,000.00 Security Clearance: TS/SCI Level of Experience: Mid HI This opportunity resides with All-Domain Operations (ADO), a business group within HII’s Mission Technologies division. All-Domain Operations comprises multi-domain operations, platforms and logistics, and intelligence operations. HII designs, develops, integrates and manages the sensors, systems …",https://www.adzuna.com/details/5753030689?utm_medium=api&utm_source=a2c527c1,2026-06-05T06:00:16Z,144943.05,144943.05,,Adzuna Live API,efe2aab449652eb5d09287da3cd2341f
Senior Data Scientist (Data Scientist 4)- 28268,HII Mission Technologies Division,"Honolulu, Hawaii",us,"Requisition Number: 28268 Required Travel: 0 - 10% Employment Type: Full Time/Salaried/Exempt Anticipated Salary Range: $138,218.00 - $190,000.00 Security Clearance: TS/SCI Level of Experience: Senior HI This opportunity resides with All-Domain Operations (ADO), a business group within HII’s Mission Technologies division. All-Domain Operations comprises multi-domain operations, platforms and logistics, and intelligence operations. HII designs, develops, integrates and manages the sensors, syste…",https://www.adzuna.com/details/5753049778?utm_medium=api&utm_source=a2c527c1,2026-06-05T06:06:49Z,148109.53,148109.53,,Adzuna Live API,f3e8ef3f7ea268b99b19e15e57bb8ec0
Data Scientist,Insight Global,"Woonsocket, Providence County",us,"Job Description Insight Global's healthcare client is seeking a mid-level Data Scientist to support healthcare initiatives focused on maternity, musculoskeletal, care paths, and clinical navigation. This role will focus on analyzing and modeling healthcare data to build and evaluate data-driven clinical journeys, applying statistical measurement and experimentation to improve outcomes across Medicare and commercial populations. The Data Scientist will design and analyze A/B tests to inform prod…",https://www.adzuna.com/land/ad/5729965536?se=ItqrSVVh8RGxTLCnpSp8PA&utm_medium=api&utm_source=a2c527c1&v=58367D74A8C5EB592EC60827498A9E4A6D1A7B23,2026-05-14T21:56:51Z,152646.6,152646.6,,Adzuna Live API,aa9c19078472d1770dc292693780a0b7
Data Scientist,ManpowerGroup,"Redmond, King County",us,"Our client, a leading organization in the gaming and entertainment industry, is seeking a Data Scientist 4 to join their team. As a Data Scientist 4, you will be part of the Mojang Player Data and Insights team supporting consumer products, out-of-game experiences, and partnership initiatives. The ideal candidate will have analytical mindset, strong communication skills, and adaptability, which will align successfully in the organization. Job Title: Data Scientist Location: Redmond, WA - Onsite…",https://www.adzuna.com/land/ad/5738452888?se=ItqrSVVh8RGxTLCnpSp8PA&utm_medium=api&utm_source=a2c527c1&v=6C728AF516F13B530B6B63E3E8B5B50058BD0708,2026-05-23T01:02:16Z,159948.45,159948.45,,Adzuna Live API,69381c1d90cc30d15e3944a701323388
Data Scientist,The Hartford,"Talcott Village, Hartford County",us,"Data Scientist - GD08AE We're determined to make a difference and are proud to be an insurance company that goes well beyond coverages and policies. Working here means having every opportunity to achieve your goals - and to help others accomplish theirs, too. Join our team as we help shape the future. The Hartford seeks a Data Scientist within a multidisciplinary actuarial/data science team responsible for designing and delivering powerful analytical insights utilizing statistical modeling, mac…",https://www.adzuna.com/land/ad/5735742630?se=ItqrSVVh8RGxTLCnpSp8PA&utm_medium=api&utm_source=a2c527c1&v=924617CA2ED875E4F208B2BCF11BCD3B7F4264E5,2026-05-20T21:26:56Z,124640.23,124640.23,,Adzuna Live API,f798c29fa77c4d5f992035cfbbfdbe08
Data Scientist,The Hartford,"Charlotte, Mecklenburg County",us,"Data Scientist - GD08AE We're determined to make a difference and are proud to be an insurance company that goes well beyond coverages and policies. Working here means having every opportunity to achieve your goals - and to help others accomplish theirs, too. Join our team as we help shape the future. The Hartford seeks a Data Scientist within a multidisciplinary actuarial/data science team responsible for designing and delivering powerful analytical insights utilizing statistical modeling, mac…",https://www.adzuna.com/land/ad/5735770991?se=ItqrSVVh8RGxTLCnpSp8PA&utm_medium=api&utm_source=a2c527c1&v=64066C2E4CDAE13C43054539139BD8F9342F1C05,2026-05-20T21:33:12Z,113088.42,113088.42,,Adzuna Live API,50aaf3a69d7a77278f34ed0f7308eae5
Data Scientist,Insight Global,"South Camden, Camden County",us,"Job Description The Data Scientist plays a pivotal role in planning, executing, and delivering machine learning-based projects that drive business impact. This role involves analyzing large datasets, developing AI/ML/optimization models, and translating findings into actionable insights. The Data Scientist partners with business and operational leaders, supports senior leadership with analytics, and fosters a culture of data-driven decision-making across the organization. We are a company commi…",https://www.adzuna.com/land/ad/5606996108?se=ItqrSVVh8RGxTLCnpSp8PA&utm_medium=api&utm_source=a2c527c1&v=20C322C8B151EC315ECA76F225F9BAA87A22B53C,2026-01-30T19:43:32Z,121085.05,121085.05,,Adzuna Live API,3350533b6e222fa9ef5da0ebac0cf916
Data Scientist,Koniag Government Services,"Bay Saint Louis, Hancock County",us,"Koniag IT Systems, LLC, a Koniag Government Services company , is seeking a Data Scientist with a Secret security clearance to support KITS and our government customer at Stennis Space Center, MS. We offer competitive compensation and an extraordinary benefits package including health, dental and vision insurance, 401K with company matching, flexible spending accounts, paid holidays, three weeks paid time off, and more. Koniag IT Systems, LLC, a Koniag Government Services company, is seeking a …",https://www.adzuna.com/land/ad/5752700032?se=ItqrSVVh8RGxTLCnpSp8PA&utm_medium=api&utm_source=a2c527c1&v=D4DC2602F25C1A0345A4110382E1DD21ECD24010,2026-06-04T22:24:49Z,98892.54,98892.54,,Adzuna Live API,138001224b97c668526898303542cfa1
Data Scientist,Insight Global,"Castlewood, Centennial",us,"Job Description Insight Global is seeking a Data Scientist to support one of our largest telecom customers' Internet Product team. This role is heavily focused on building and deploying machine learning models that drive business decisions across outage detection, customer segmentation, and product rollout strategy. The majority of the work will involve hands-on statistical modeling and data preparation, leveraging large internal and third-party datasets. A strong emphasis is placed on machine-…",https://www.adzuna.com/land/ad/5673697667?se=ItqrSVVh8RGxTLCnpSp8PA&utm_medium=api&utm_source=a2c527c1&v=4FCB18D8BE59017C60DFCD10C1E5BB629854890B,2026-03-20T21:08:06Z,124458.27,124458.27,,Adzuna Live API,f464ef9ce865f416c037d531a4f03a26
Data Scientist,Insight Global,"Melvindale, Wayne County",us,"Job Description Insight Global is seeking a Data Scientist in the Detroit, Michigan area. Responsible for translating business requirements into analytical constructs and using data to propose solutions for effective decision making. Collects, validates, transforms, and cleanses data, as well as performs quantitative analysis to derive insights. Runs analytical experiments in a methodical manner and regularly evaluates alternative models and techniques. Develops predictive models to forecast bu…",https://www.adzuna.com/land/ad/5721070093?se=ItqrSVVh8RGxTLCnpSp8PA&utm_medium=api&utm_source=a2c527c1&v=44E9A1F96091AD15B64B7330B06684CE3F3234C6,2026-05-06T21:35:34Z,95907.63,95907.63,,Adzuna Live API,1ab037cc5ef5e9bbea356e39bd0c9c50
Data Scientist,"NTT Data Americas, Inc.","South Camden, Camden County",us,"NTT DATA strives to hire exceptional, innovative and passionate individuals who want to grow with us. If you want to be part of an inclusive, adaptable, and forward-thinking organization, apply now. We are currently seeking a Data Scientist to join our team in Camden, New Jersey (US-NJ), United States (US). About the Role The Data Scientist plays a pivotal role in planning, executing, and delivering machine learning-based projects that drive business impact. This role involves analyzing large d…",https://www.adzuna.com/land/ad/5686710767?se=ItqrSVVh8RGxTLCnpSp8PA&utm_medium=api&utm_source=a2c527c1&v=92770FB996230CC047F3609E8E3C8B74B73EBE4B,2026-04-01T22:10:40Z,143513.81,143513.81,,Adzuna Live API,009c0f7f48eb1f6cdac7837ae343dfe8
Data Scientist,Insight Global,"South Camden, Camden County",us,"Job Description Insight Global is seeking a skilled Data Scientist to support a large CPG client on a long-term, remote engagement. This individual will join the Data & Analytics organization and work closely with the data science team, playing a key role in the company's o9 planning platform implementation. o9 is an enterprise planning platform used to forecast demand and align supply, operations, and finance within a single system. This role will be heavily focused on developing, refining, an…",https://www.adzuna.com/land/ad/5679891340?se=ItqrSVVh8RGxTLCnpSp8PA&utm_medium=api&utm_source=a2c527c1&v=A64A1F08F5323609B978E45064CC1CF6E29F979D,2026-03-26T22:07:03Z,157352.64,157352.64,,Adzuna Live API,d306bb8228cc8378047653a05d24b78e
Data Scientist,Waystar,"Cedar Pass, Utah County",us,"ABOUT THIS POSITION We are looking for an experienced Data Scientist. The data scientist role involves solving data-driven Healthcare problems using various machine learning and predictive modeling methods. This person will primarily work as part of the larger Data Science team interacting Product Management and Application teams to conduct analysis and experimentation to maximize the utility of predictive modeling and data driven strategies across Waystar. applying machine learning, predictive…",https://www.adzuna.com/land/ad/5616842875?se=ItqrSVVh8RGxTLCnpSp8PA&utm_medium=api&utm_source=a2c527c1&v=3D73B5782AD2B1422B3243361F51C36FA0F260E6,2026-02-05T23:36:40Z,78148.12,78148.12,,Adzuna Live API,b93d98f7d108a419651143bd78b39934
Data Scientist,SOS International LLC,"Redstone Arsenal, Madison County",us,"Huntsville, AL, USA Full-time Clearance Requirement: Top Secret/SCI Company Description Founded in 1989, SOSi is among the largest private, founder-owned technology and services integrators in the defense and government services industry. We deliver tailored solutions, tested leadership, and trusted results to enable national security missions worldwide. Job Description Overview SOSi is seeking a Data Scientist to join our analytics team working on an innovative MLOps workload leveraging cuttin…",https://www.adzuna.com/land/ad/5587147665?se=ItqrSVVh8RGxTLCnpSp8PA&utm_medium=api&utm_source=a2c527c1&v=C74D876875B70FDB42B2A8386F327EF9A1DBAAE7,2026-01-15T19:36:33Z,107467.5,107467.5,,Adzuna Live API,ace842fcb6bc9c247a5ae941f60607b8
Data Scientist,Insight Global,"Charlotte, Mecklenburg County",us,"Job Description Position Summary The Data Scientist provides advanced analytics, modeling, and data-driven decision support across enterprise functions. This role includes designing and developing machine learning models, performing statistical analysis, and collaborating with partners to frame problems, gather relevant data, and translate insights into strategic business recommendations. The Data Scientist ensures model development and deployment aligns with enterprise governance standards and…",https://www.adzuna.com/land/ad/5664553408?se=ItqrSVVh8RGxTLCnpSp8PA&utm_medium=api&utm_source=a2c527c1&v=809C5AB4C7B3C6C9399A4C240BC9B8EFCD336B13,2026-03-13T21:39:44Z,108180.31,108180.31,,Adzuna Live API,bfd93a93a1bf1bf6353804be3e15c2a5
Data Scientist,SOS International LLC,"Salem, Marion County",us,"Remote, OR, USA Full-time Clearance Requirement: None Company Description Founded in 1989, SOSi is among the largest private, founder-owned technology and services integrators in the defense and government services industry. We deliver tailored solutions, tested leadership, and trusted results to enable national security missions worldwide. Job Description SOSi is seeking a Data Scientist to support mission requirements for a structured approach to further develop, integrate, and sustain a scal…",https://www.adzuna.com/land/ad/5671461650?se=ItqrSVVh8RGxTLCnpSp8PA&utm_medium=api&utm_source=a2c527c1&v=D2D7B2686E2074EF49F9C10F4C8E9369BD641191,2026-03-18T21:04:24Z,145275.17,145275.17,,Adzuna Live API,8970aeda9bec58dd812e6c3a2d2bb0cc
Data Scientist,ManpowerGroup,"Cedar Pass, Utah County",us,"Data Scientist  12 month contract  Onsite M-Th in Lehi, UT  W2 only SUMMARY The company is redefining home energy intelligence through data and AI to enable personalized comfort, energy efficiency, and demand-response optimization across millions of connected homes. We are seeking a Staff Data Scientist to design and deploy predictive models that enable intelligent home energy decisions: from forecasting comfort and cost to optimizing EV charging and demand response events. DUTIES  Develop Pred…",https://www.adzuna.com/land/ad/5509771451?se=ItqrSVVh8RGxTLCnpSp8PA&utm_medium=api&utm_source=a2c527c1&v=86C341F26EB889ADA4768B10D801265A08CA6042,2025-11-22T16:18:26Z,225849.55,225849.55,,Adzuna Live API,a84ac01fb0d4ee1bd648973fa57ff13f
Data Scientist,Capgemini,"Grand Central, Manhattan",us,"Data Scientist Choosing Capgemini means choosing a company where you will be empowered to shape your career in the way you'd like, where you'll be supported and inspired by?a collaborative community of colleagues around the world, and where you'll be able to reimagine what's possible. Join us and help the world's leading organizations?unlock the value of technology and build a more sustainable, more inclusive world. About The Job You're Considering Successful execution of Digital Lean requires …",https://www.adzuna.com/land/ad/5734658808?se=ItqrSVVh8RGxTLCnpSp8PA&utm_medium=api&utm_source=a2c527c1&v=7552CFE4D1E5B2CF7357A439697CD29AF1FD6B10,2026-05-19T21:39:54Z,125574.32,125574.32,,Adzuna Live API,56391f352d898f1aafe153ece98160a7
Data Scientist,GovCIO,"Fort George G Meade, Anne Arundel County",us,"Fort Meade, Maryland Top Secret w/ SCI On-site only Data Services Overview GovCIO is currently hiring for a Data Scientist to define the characteristics of high-quality training data . This position will be located in Fort Meade, MD and will be an onsite position. Responsibilities The Data Scientist defines the characteristics of high-quality training data required to support future AI-powered cyber models. This role focuses on feature relevance, representativeness, bias, and generalization con…",https://www.adzuna.com/land/ad/5584973279?se=ItqrSVVh8RGxTLCnpSp8PA&utm_medium=api&utm_source=a2c527c1&v=5E7CCC02C7F5307DDC145BB5B4147F0AD218A66A,2026-01-14T15:38:07Z,117790.0,117790.0,,Adzuna Live API,715cb20bcc16c64ab9d7f56604915cdb
Data Scientist,Manulife,"Boston, Suffolk County",us,"The Manulife/John Hancock AI Team is seeking a highly skilled and motivated Data Scientist with a strong focus on developing end-to-end data science models and solutions to accelerate and optimize sales and marketing efforts! In this role, you will collaborate closely with Data Scientists, BI Specialists, Sales and Marketing Leaders, and IT partners. Together, you will complete AI and Advanced Analytics initiatives that will build the future of our business. The team implements a wide range of …",https://www.adzuna.com/land/ad/5745101995?se=ItqrSVVh8RGxTLCnpSp8PA&utm_medium=api&utm_source=a2c527c1&v=418E309EE061DD04C8DE1FF3865C689171438ACA,2026-05-29T21:30:58Z,74418.27,74418.27,,Adzuna Live API,15cb13c75c89caf256cb2625e696fb16
Data Scientist,Tyto Athene,"Washington, D.C., US",us,"Description Tyto Athene is hiring a Data Scientist to join a Cybersecurity and IT Risk Management contract supporting a federal customer. This role is critical to maturing the client's operational capabilities. You will work within an experienced team dedicated to defending federal infrastructure, transforming large datasets into actionable insights to detect and respond to threats quickly and effectively. Responsibilities:  Provide technical and management leadership on major tasks or technolo…",https://www.adzuna.com/land/ad/5753868833?se=ItqrSVVh8RGxTLCnpSp8PA&utm_medium=api&utm_source=a2c527c1&v=7F4AF4453995721362EE4B28702D4ED6E42659E9,2026-06-05T22:18:22Z,110966.69,110966.69,,Adzuna Live API,76ef907f6305ddf1103f82e01c09e956
Data Scientist,Insight Global,"Sacramento, Sacramento County",us,"Job Description Insight Global is seeking a Data Scientist to support the Mobile Equipment group within a large, asset intensive construction organization. This role focuses on designing, developing, and deploying data science and machine learning solutions that improve mobile equipment operations, including predictive maintenance, fleet performance, equipment reliability, and downtime reduction. This individual will work cross functionally with data engineering, operations, and business leader…",https://www.adzuna.com/land/ad/5709762210?se=ItqrSVVh8RGxTLCnpSp8PA&utm_medium=api&utm_source=a2c527c1&v=9B6A5B7C63835DA2C4FC301991116F1921E5028C,2026-04-24T18:13:32Z,114842.91,114842.91,,Adzuna Live API,434b55f23d44ac9a5b4a72e428e87687
Data Scientist,Leidos,"Benson, Douglas County",us,"Description Join Leidos as a Data Scientist and Help Drive Cutting-Edge Analytics Leidos is seeking a forward-thinking Data Scientist with a strong foundation in statistical analysis, data ingestion and processing, and deep expertise in methods and analytics development. This role supports a high-impact data analytics program for our customer, where innovation meets mission-critical insights. You'll be part of a collaborative team, developing sophisticated analytics through automated solutions,…",https://www.adzuna.com/land/ad/5578738530?se=ItqrSVVh8RGxTLCnpSp8PA&utm_medium=api&utm_source=a2c527c1&v=E9BC12D01C383BBD00C09CB50F192C0A30A861BA,2026-01-10T19:32:08Z,122260.84,122260.84,,Adzuna Live API,fe83f6b6ae5a419075505195dab09f0d
Data Scientist,Insight Global,"Atlanta, Fulton County",us,"Job Description Synthesize.ai - Technical Requirements Document (External Vendor Version) 1. Project Overview Synthesize.ai is Southern Company's advanced analytics and machine-learning platform designed to improve the quality, continuity, and analytical usefulness of AMI interval data across APC, GPC, and MPC. The platform will use AI/ML to perform data gap-fill, usage reconstruction, and short-term/long-term forecasting, and enable downstream analytics. The primary objective for this vendor e…",https://www.adzuna.com/land/ad/5681819918?se=ItqrSVVh8RGxTLCnpSp8PA&utm_medium=api&utm_source=a2c527c1&v=631F667A2439BBA86034A120909616DDD9230C01,2026-03-28T21:08:08Z,138505.45,138505.45,,Adzuna Live API,f0b982394addedc0d1a22e0ea48c66f2
Data Scientist,Insight Global,"Stamford, Fairfield County",us,"Job Description Insight Global is seeking a Data Scientist / Developer role for an incentives team. This role combines advanced analytics, incentive modeling, and hands-on backend development to standardize incentive structures. This person will support the build and maintenance of a new web-based incentive portal, including integrating data from multiple sources, transitioning Alteryx processes to scalable AWS-based automation, and developing backend services. As well as delivering dashboards,…",https://www.adzuna.com/land/ad/5692592927?se=ItqrSVVh8RGxTLCnpSp8PA&utm_medium=api&utm_source=a2c527c1&v=54427FC9DA939EDBE4473447E1B79917F3539E32,2026-04-07T21:41:25Z,128505.41,128505.41,,Adzuna Live API,4051a87052669b36b1d843cae7ba16ea
Data Scientist,Insight Global,"Village of Los Ranchos, Bernalillo County",us,"Job Description The Data Scientist will design and maintain data pipelines connecting manufacturing sensor systems to enterprise platforms, manage the TRISO manufacturing ontology, and ensure data quality and traceability. The role includes integrating MES systems, developing factory simulations for cost and throughput optimization, and building machine learning models for process analysis and optimization. Candidates must have strong programming skills in Python and SQL, experience with data p…",https://www.adzuna.com/land/ad/5739222842?se=ItqrSVVh8RGxTLCnpSp8PA&utm_medium=api&utm_source=a2c527c1&v=FD5D065ED0C308BD40FAD609F3A7604CAB02F5FC,2026-05-23T18:35:14Z,106105.11,106105.11,,Adzuna Live API,2e1761e7f01c1fa38d649f44068eaa65
Data Scientist,Insight Global,"San Diego, San Diego County",us,"Job Description Insight Global is seeking a Data Scientist who is passionate about the physical world and wants to see their code come to life in the hum of machinery. You will be the go-to expert for translating high-frequency sensor data into predictive intelligence and for pioneering the use of Generative AI to solve core engineering challenges. You will collaborate shoulder-to-shoulder with mechanical, electrical, combustion and controls engineers to move beyond reactive problem-solving and…",https://www.adzuna.com/land/ad/5731897828?se=ItqrSVVh8RGxTLCnpSp8PA&utm_medium=api&utm_source=a2c527c1&v=41D5D1F6DA52C41BC03FBBE58440D29533E918B0,2026-05-16T18:20:39Z,128206.23,128206.23,,Adzuna Live API,6a6d3722d661caa86426218b7fe3bd32
Data Scientist,Insight Global,"Cupertino, Santa Clara County",us,"Job Description We are seeking a Senior Data Scientist to drive strategic insights and decision making through advanced analytics. This role partners closely with cross functional teams to tackle complex, ambiguous business problems and translate data into clear, actionable recommendations. The ideal candidate has deep experience in analytics and strategy, strong business acumen, and hands on expertise in SQL, Python or R, and data visualization tools such as Tableau. You will apply statistical…",https://www.adzuna.com/land/ad/5664194406?se=ItqrSVVh8RGxTLCnpSp8PA&utm_medium=api&utm_source=a2c527c1&v=7B9585799B2A71F8A0CBF5E6578A3C62F8C91A64,2026-03-13T17:34:50Z,139544.66,139544.66,,Adzuna Live API,02ff860ecc85b76959ecd15fca70fc11
Data Scientist,Robert Half,"Atlanta, Fulton County",us,"Description I'm currently partnering with a client near the Atlanta metro area that is looking to add an experienced Data Scientist to their growing analytics and technology team. This role will focus heavily on forecasting, predictive modeling, and leveraging large-scale data platforms to drive business insights and strategic decision-making. Key Responsibilities: - Develop forecasting models and predictive analytics solutions to support business operations and planning - Analyze large and com…",https://www.adzuna.com/land/ad/5739340206?se=ItqrSVVh8RGxTLCnpSp8PA&utm_medium=api&utm_source=a2c527c1&v=4FF9334F1CBD388D24116BF13A42C2B025641D60,2026-05-23T21:43:47Z,132486.64,132486.64,,Adzuna Live API,71d5cc7b581e8e48ebdc027d8d44f726
Data Scientist,Insight Global,"Newark, Essex County",us,"Job Description Our client is seeking a Data Scientist to support the Group Insurance organization, with a focus on traditional machine learning use cases for medical and financial underwriting. This role is hands-on and data-driven, partnering closely with actuaries and technology teams to develop and support predictive models used in underwriting and pricing. Responsibilities - Develop and apply traditional machine learning models (classification, survival models) for underwriting and pricing…",https://www.adzuna.com/land/ad/5716518539?se=ItqrSVVh8RGxTLCnpSp8PA&utm_medium=api&utm_source=a2c527c1&v=D7F1656BAD5867CBFD42804CA1C758C30642A02D,2026-05-01T22:34:52Z,137813.2,137813.2,,Adzuna Live API,6bfc514d33095fc3d35ab42212887ff4
Data Scientist,Insight Global,"Pluckemin, Somerset County",us,"Job Description Insight Global is seeking a Data Scientist for one of our largest telecom customers to support a pricing modeling initiative, owning the end-to-end analytics workflow from problem framing through stakeholder-ready recommendations. In this role, you will work with large, messy, real-world datasets and independently transform them into reliable modeling inputs, keeping analysis anchored to core business questions-such as estimating how price changes impact volume demand while acco…",https://www.adzuna.com/land/ad/5721148118?se=ItqrSVVh8RGxTLCnpSp8PA&utm_medium=api&utm_source=a2c527c1&v=EC26E4072528FF859E1AFD97F32E45D7EEA774CE,2026-05-06T22:55:37Z,119992.52,119992.52,,Adzuna Live API,b1b2fec9c49ab8a21a6df59b179c7b92
Data Scientist,Insight Global,"Dublin, Franklin County",us,"Job Description We are hiring for a Data Scientist in Columbus (or Cleveland) Ohio. You will join a growing team focused on applied AI and large language model (LLM) development. This is a developer-style data science role and is ideal for someone who enjoys heads-down coding, building models end-to-end, and turning AI concepts into production-ready solutions. This role will work closely with internal teams and external AI vendors on large-scale automation and AI initiatives. Responsibilities i…",https://www.adzuna.com/land/ad/5704138285?se=ItqrSVVh8RGxTLCnpSp8PA&utm_medium=api&utm_source=a2c527c1&v=7403A884A4DC9A857BF9ECFFEDD22773AD898FE3,2026-04-18T22:09:42Z,121667.05,121667.05,,Adzuna Live API,feb4ddfd7f4beaa6aa429cf9a863510d
Data Scientist,Insight Global,"Melvindale, Wayne County",us,"Job Description This Data Scientist supports DTE's Gas Leak Management team by pulling data from Picarro and other enterprise systems, analyzing leak and spend data, and building Power BI dashboards that drive operational efficiency, regulatory reporting, and capital planning decisions. Compensation $40/hr Exact compensation may vary based on several factors, including skills, experience, and education. Benefit packages for this role will start on the 31st day of employment and include medical,…",https://www.adzuna.com/land/ad/5709884781?se=ItqrSVVh8RGxTLCnpSp8PA&utm_medium=api&utm_source=a2c527c1&v=F3649A19CDFFE62C1ADF5A309B5A27382DF631E3,2026-04-24T21:27:03Z,112368.88,112368.88,,Adzuna Live API,430a9b1fff25575bab9db84bcf00e717
Data Scientist,Danaher Corporation,"Grand Central, Manhattan",us,"Bring more to life. Are you ready to accelerate your potential and make a real difference within life sciences, diagnostics and biotechnology? At Phenomenex, one of Danaher's (https://danaher.com/our-businesses) 15 operating companies, our work saves lives-and we're all united by a shared commitment to innovate for tangible impact. You'll thrive in a culture of belonging where you and your unique viewpoint matter. And by harnessing Danaher's system of continuous improvement, you help turn ideas…",https://www.adzuna.com/land/ad/5752672292?se=ItqrSVVh8RGxTLCnpSp8PA&utm_medium=api&utm_source=a2c527c1&v=0C39BF00B2E62F15D7AC671897726C5C1FDF1192,2026-06-04T21:37:22Z,141652.84,141652.84,,Adzuna Live API,5987a4ac99bac352fc56d927cd3ef2fc
Data Scientist,Cushman & Wakefield,"Westwood, Saint Louis County",us,"Job Title Data Scientist Job Description Summary Job Description We are building an Advisory Intelligence capability that applies advanced analytics, econometrics, and AI to some of the most complex questions in commercial real estate and investment advisory, market risk, pricing dynamics, liquidity, valuation context, and capital allocation. We are looking for a Junior Data Scientist with a strong quantitative foundation (Master's level) and experience in analytical problem-solving environment…",https://www.adzuna.com/land/ad/5706731626?se=ItqrSVVh8RGxTLCnpSp8PA&utm_medium=api&utm_source=a2c527c1&v=D116BDFB18E3F9C67916434FEF2A34F95A643130,2026-04-21T22:15:26Z,238654.56,238654.56,,Adzuna Live API,677c2545fcb179f6705b7ad4a05418eb
Data Scientist,Insight Global,"Wellesley Hills, Norfolk County",us,"Job Description We are seeking a highly skilled and collaborative Data Scientist to join our team and lead the development of series of customized GenAI solutions. This role will focus on building scalable, production-grade systems using Python and modern frameworks, with a strong emphasis on generative AI applications such as Retrieval-Augmented Generation (RAG) and intelligent agents. The ideal candidate will thrive in a dynamic, agile environment and be comfortable working consultatively wit…",https://www.adzuna.com/land/ad/5709883519?se=ItqrSVVh8RGxTLCnpSp8PA&utm_medium=api&utm_source=a2c527c1&v=56349970A190E317A7298CC2376FA8FCEE737129,2026-04-24T21:26:49Z,152661.88,152661.88,,Adzuna Live API,9163f05969cc8dea1d518797fb6369ce
Data Scientist,Insight Global,"Portland, Multnomah County",us,"Job Description JDevelop, deploy, and maintain scalable machine learning models and analytical workflows using Databricks, Apache Spark, and cloud-based data platforms. Partner with financial domain stakeholders to understand business challenges related to risk, compliance, fraud, lending, investments, and customer analytics. Perform hands-on data exploration, feature engineering, statistical analysis, and modeling using Python, SQL, and Spark. Collaborate with data engineering teams to build r…",https://www.adzuna.com/land/ad/5598071511?se=ItqrSVVh8RGxTLCnpSp8PA&utm_medium=api&utm_source=a2c527c1&v=F1FFDFA9B9EC3C3A4C11680268F012F5486B621E,2026-01-23T19:36:49Z,135699.77,135699.77,,Adzuna Live API,4ea127e1a8f2c8e4ce18f49a27ecfe5c
Data Scientist,Insight Global,"Newark, Essex County",us,"Job Description We are seeking an experienced Data Scientist to join our clients Life Insurance Underwriting team. This role will support large-scale underwriting initiatives focused on mortality risk modeling and premium determination. The ideal candidate brings strong traditional data science experience, a solid foundation in statistical and machine learning techniques, and the ability to work independently in a production, business-facing environment. This is not a data engineering or GenAI-…",https://www.adzuna.com/land/ad/5684730307?se=ItqrSVVh8RGxTLCnpSp8PA&utm_medium=api&utm_source=a2c527c1&v=117A51067965FCB707DB9F2E2D06879EEE16AC75,2026-03-31T22:11:59Z,147349.31,147349.31,,Adzuna Live API,a21552190ba9ff8f726141bc9db529ca
Data Scientist,Robert Half,"Wellston, Saint Louis County",us,"Description Our company is seeking a highly analytical and innovative Data Scientist to join our growing team in St. Louis, Missouri. In this role, you will leverage advanced data modeling, machine learning, and statistical techniques to drive actionable business insights and support critical decision-making. Key Responsibilities: · Develop and implement predictive models, machine learning algorithms, and analytical frameworks to solve complex business challenges · Analyze large datasets using …",https://www.adzuna.com/land/ad/5749977894?se=ItqrSVVh8RGxTLCnpSp8PA&utm_medium=api&utm_source=a2c527c1&v=CB7E153D0C5ABFBCE4937C158C165C0714A4E435,2026-06-02T22:26:25Z,85456.97,85456.97,,Adzuna Live API,bc1ee542ed6164c4f3f5a7601b706c51
Data Scientist,Waystar,"Atlanta, Fulton County",us,"ABOUT THIS POSITION Designs, develops and programs methods, processes, and systems to consolidate and analyze unstructured, diverse ""big data"" sources to generate actionable insights and solutions for client services and product enhancement. Interacts with product and service teams to identify questions and issues for data analysis and experiments. Develops and codes software programs, algorithms and automated processes to cleanse, integrate and evaluate large datasets from multiple disparate s…",https://www.adzuna.com/land/ad/5618326240?se=ItqrSVVh8RGxTLCnpSp8PA&utm_medium=api&utm_source=a2c527c1&v=34D95810125EB0F4094A1726B6CE720EF8AE51B5,2026-02-06T20:06:25Z,112501.63,112501.63,,Adzuna Live API,a4a14e41776be1344309ef403224ccaf
Data Scientist,Ford Motor Company,"Dearborn, Wayne County",us,"We are looking for a Data Scientist with exceptional skills in Machine Learning (ML) and Artificial Intelligence (AI). We are seeking an experienced data scientist with a strong focus on building and maintaining sophisticated full-stack applications. The successful candidate will possess a proven track record of designing, developing, and deploying successful innovative Generative AI (GenAI) software solutions. This role requires a proven communicator who effectively interfaces between technica…",https://www.adzuna.com/land/ad/5729928241?se=ItqrSVVh8RGxTLCnpSp8PA&utm_medium=api&utm_source=a2c527c1&v=CAE6351286EDF4A2DB873C28E57E85C319429845,2026-05-14T21:33:57Z,115677.64,115677.64,,Adzuna Live API,2e6fc4027afec7f83614c14baeb0133b
Data Scientist,Waystar,"Cedar Pass, Utah County",us,"ABOUT THIS POSITION Designs, develops and programs methods, processes, and systems to consolidate and analyze unstructured, diverse ""big data"" sources to generate actionable insights and solutions for client services and product enhancement. Interacts with product and service teams to identify questions and issues for data analysis and experiments. Develops and codes software programs, algorithms and automated processes to cleanse, integrate and evaluate large datasets from multiple disparate s…",https://www.adzuna.com/land/ad/5618586342?se=ItqrSVVh8RGxTLCnpSp8PA&utm_medium=api&utm_source=a2c527c1&v=1405A76ED2F272FDA09771C5EF141E688A5143BB,2026-02-06T23:32:12Z,85325.77,85325.77,,Adzuna Live API,af2e91966033d1a4c34f22a751d358c9
Data Scientist,Actalent,"Sterling Heights, Macomb County",us,"Job Title: Data EngineerJob Description This role focuses on designing, developing, and maintaining enterprise data infrastructure to support advanced analytics across engineering and business teams. The Data Engineer builds scalable data pipelines, ensures data integrity and accessibility, and enables reporting and dashboards that transform raw data into actionable insights. The position supports enterprise data architecture and governance, particularly across cloud platforms and business inte…",https://www.adzuna.com/land/ad/5749931744?se=ItqrSVVh8RGxTLCnpSp8PA&utm_medium=api&utm_source=a2c527c1&v=B8CD7EAD26598772646A9A32BCFB40FA81F3FBFF,2026-06-02T21:29:30Z,96602.06,96602.06,,Adzuna Live API,d0660ea2aea0ea6517cd35c876e38477
